-- Data.sql file is intended to upload initial data to DataBase during startup

insert into permisson (id, name)
values ('c86a4f8d-9f9a-4569-9945-85168652552b', 'users:read'),
       ('c86a4f8d-9f9a-4569-9945-85168652555b', 'users:delete'),
       ('c86a4f8d-9f9a-4569-9945-85168652551b', 'users:update'),
       ('c86a4f8d-9f9a-4569-9945-85168652553b', 'users:block'),

       ('c83a4f8d-9f9a-4569-9945-85168652555b', 'roles:read'),
       ('feed8656-8798-4472-a55e-35059d44ab79', 'roles:create'),
       ('6f0f7970-025d-49ea-ac23-617051cf8b5f', 'roles:update'),
       ('c4b46f9d-1148-4c07-90c7-4f2aab5aee2a', 'roles:delete'),

       ('565c7c6c-4d04-4bf3-b9c0-70d0de3a81a7', 'wings:create'),
       ('01b69dce-6da8-4369-8135-0e3c9ce65931', 'wings:read'),
       ('6e8b8f03-27b0-465b-ab60-c83f9ab7c847', 'wings:delete'),
       ('efe7a483-e8dc-48ba-b149-2a4cefacf136', 'wings:update'),

       ('eb93a437-0273-4858-8fbf-1280ccad0610', 'deanery:create'),
       ('220091a6-2701-49a8-a0a3-cb503fe8174f', 'deanery:read'),
       ('fb574d01-5c74-40d0-ab7c-72cc7a530823', 'deanery:update'),
       ('bfc1e1af-4795-41e4-b8ec-823a34495426', 'deanery:delete'),

       ('6f6c1f55-8980-46eb-8d82-02d3ed35de87', 'department:create'),
       ('e7832793-8632-4f10-85f8-39137012e0a5', 'department:delete'),
       ('7e5caf55-bae8-4b56-b7e2-bc1e24d39f1e', 'department:read'),
       ('9ab531e6-bd70-4713-a229-210ea34e1921', 'department:update'),

       ('b01e494f-2931-481a-8472-30ec6dfcb987', 'buildings:create'),
       ('de0d9a9e-166f-4227-81af-757dcc741761', 'buildings:delete'),
       ('d2fefa3b-3c54-4f18-92ff-26796834aa3c', 'buildings:read'),
       ('9276f185-7d2f-48cb-8d4d-57f3457fcc78', 'buildings:update'),

       ('c48e6b4f-0238-4a83-8a70-e1dc8c25c311', 'floor:create'),
       ('162493eb-98c5-4e8b-9ae9-772bacfb0eeb', 'floor:delete'),
       ('cf42336a-fbcd-4aaa-82f7-b6b43b4bc141', 'floor:read'),
       ('66637b02-4138-4ba9-b2fd-df3404b9a69d', 'floor:update'),

       ('aadb350d-c72b-4b81-93eb-a787bcd7f31e', 'classroom:create'),
       ('50808631-99a0-4683-8185-e515527f0718', 'classroom:delete'),
       ('a192e83e-d027-4cb9-9f00-6176993165d7', 'classroom:read'),
       ('b466b63d-20f8-4c2c-b8c9-fdda9d1b4ea0', 'classroom:update'),

       ('4c6131a6-59ec-4347-a687-61f752a55c82', 'speciality:read'),
       ('7525c1f2-f22c-4dde-9153-4ed8fc2ddffd', 'speciality:create'),
       ('4e7a4a0c-7e60-420d-a0d9-924ca6ebe8b7', 'speciality:update'),
       ('e177683e-f17e-4ba1-8121-3f57a5d2f630', 'speciality:delete'),

       ('185f0c7f-e70a-44f4-abcd-69d7f58b362c', 'group:read'),
       ('fa410844-37be-453b-aaa3-6e2126a0ce1f', 'group:create'),
       ('d0037f82-546e-4009-81ce-6b5e4cefef7d', 'group:update'),
       ('8cf90cc1-a4f0-4bb0-9944-a3c4f36af1ff', 'group:delete'),

       ('2ba1fc87-29fa-45d0-8d7e-01ba132d1d0f', 'degrees:create'),
       ('2ba1fc87-29fa-45d0-8d7e-01ba133d1d0f', 'degrees:read'),
       ('2ba1fc87-29fa-45d0-8d7e-01ba134d1d0f', 'degrees:update'),
       ('2ba1fc87-29fa-45d0-8d7e-01ba135d1d0f', 'degrees:delete'),

       ('2ba1fc87-29fa-45d0-8d7e-01ba136d1d0f', 'titles:create'),
       ('2ba1fc87-29fa-45d0-8d7e-01ba137d1d0f', 'titles:delete'),
       ('2ba1fc87-29fa-45d0-8d7e-01ba138d1d0f', 'titles:update'),
       ('2ba1fc87-29fa-45d0-8d7e-01ba139d1d0f', 'titles:read'),

       ('2ba1fc87-29fa-45d0-8d7e-01ba141d1d0f', 'positions:create'),
       ('2ba1fc87-29fa-45d0-8d7e-01ba151d1d0f', 'positions:read'),
       ('2ba1fc87-29fa-45d0-8d7e-01ba161d1d0f', 'positions:update'),
       ('2ba1fc87-29fa-45d0-8d7e-01ba171d1d0f', 'positions:delete'),

       ('2ba1fc87-29fa-45d0-8d7e-01ba181d1d0f', 'worktariffs:create'),
       ('2ba1fc87-29fa-45d0-8d7e-01ba191d1d0f', 'worktariffs:read'),
       ('2ba1fc87-29fa-45d0-8d7e-01ba931d1d0f', 'worktariffs:update'),
       ('2ba1fc87-29fa-45d0-8d7e-01ba831d1d0f', 'worktariffs:delete'),

       ('430a927d-33a1-45a3-907b-3be47f118868', 'flow:create'),
       ('cf50e8d5-1fda-413d-b7bd-18b30ddb507c', 'flow:read'),
       ('2eb91765-8720-47e5-bd76-401f0ee02de8', 'flow:update'),
       ('ca66fccf-016d-4d65-a4d5-37ee826eb511', 'flow:delete'),

       ('f8f18983-982d-41c5-909b-8d255fe3fdbc', 'discipline:create'),
       ('a683c332-d33e-44df-89f5-a95f5a6b581c', 'discipline:read'),
       ('79ac7b41-6596-4a60-aa08-1123354133fa', 'discipline:update'),
       ('1f9dffe3-b494-449f-b7ee-1b4080757369', 'discipline:delete'),

       ('b0172320-c30c-4e3b-bfb9-ae43a0882bcc', 'disciplinegroups:create'),
       ('820c73ae-aebe-4b7c-8265-723e1f003402', 'disciplinegroups:read'),
       ('65e634e1-35d4-4d08-a569-544f2e1cbd3a', 'disciplinegroups:update'),
       ('19c7c379-8364-492a-8848-cbc228e7d34e', 'disciplinegroups:delete'),


       ('7b6ee6ba-9727-43c5-b8ab-bc8602f691c6', 'teacher:create'),
       ('75696c1e-d839-48f2-8085-c093a87c0123', 'teacher:read'),
       ('fc8c5c93-74fd-401a-8c9e-4de82abed812', 'teacher:update'),
       ('7b0852c7-9dd5-4d03-8ae1-32341fb0326d', 'teacher:delete'),

       ('7b6ee6ba-9727-43c5-b8ab-bc8402f691c6', 'universities:create'),
       ('75696c1e-d839-48f2-8085-c093a87c0543', 'universities:read'),
       ('fc8c5c93-74fd-401a-8c9e-4de82abed854', 'universities:update'),
       ('7b0852c7-9dd5-4d03-8ae1-39341fb0326d', 'universities:delete'),

       ('c1bf321a-ece6-4186-b41d-298b42d51e27', 'loads:create'),
       ('fdf3fa66-c8a3-4246-b333-c7d6da7882f9', 'loads:read'),
       ('8b381b4a-195f-42ca-bbe5-38f2ab564816', 'loads:update'),
       ('f0103073-853a-4820-8c61-503d51709ca6', 'loads:delete'),

       ('7f8dd327-f1e0-4d9b-9922-0e6f8b0b1cae', 'semester_loads:create'),
       ('2d0baba9-5a83-4af6-bafa-3a21f9ad1fb4', 'semester_loads:read'),
       ('aa8e4f94-570b-4034-a639-327866d9f5a7', 'semester_loads:update'),
       ('133eeb75-633e-48ff-9b61-22522bc630e5', 'semester_loads:delete'),

       ('dac83d09-d9c6-4fc1-9ed3-9e0dd594d089', 'activities:create'),
       ('9586bd2d-2480-4858-883d-f6958dcf81ac', 'activities:read'),
       ('2ef79236-2d12-4de3-a4a6-d41c894ed068', 'activities:update'),
       ('fb6adbe1-5385-4a0c-8cc1-318109e6a333', 'activities:delete'),

       ('e1afa2f5-c7f2-4474-b007-d4e1cbdc941c', 'studyplan:create'),
       ('d158c461-5fff-4f3d-a7e2-a6012a0777e3', 'studyplan:read'),
       ('a1d64dbd-0998-4fc3-8fe7-c11d3d3c67f7', 'studyplan:update'),
       ('403692a9-6647-4bf1-9e05-97a7762ddf02', 'studyplan:delete'),
       ('b346aef9-e46a-42ab-b7a4-b9d139a50c5d', 'studyplan:submit'),
       ('0bee4172-d653-4aeb-899a-b774b74a5ccb', 'studyplan:to_register'),
       ('c03c50ee-7085-4c5b-baab-e75b5d0e9487', 'studyplan:register'),

       ('595bc9f4-e2e8-4a0f-94c1-1a911e8be203', 'timetable:create'),
       ('f362e2e3-f901-481c-8c55-3ca5197d8b7a', 'timetable:read'),
       ('2bed2a45-9621-4e98-8cf8-402f91b97fd1', 'timetable:update'),
       ('cc24b4cd-4dff-4104-8506-f35176586880', 'timetable:delete'),
       ('c62b5acf-33ac-4e86-b121-1fd4b5af0ae1', 'timetable:submit')


ON CONFLICT DO NOTHING;


insert into role (id, created_when, updated_when, name, role_category)
VALUES ('ea7a09ea-ba86-4d24-82f2-1a18174541f3', now(), now(), 'Админ', 'ADMIN'),
       ('ea7a09ea-ba86-4d24-82f2-1a18174541f2', now(), now(), 'Диспетчер ', 'DISPATCHER'),
       ('0468f355-99df-4b6e-bfa0-7c15f319baf1', now(), now(), 'Декан', 'DEANERY'),
       ('ad1858e1-610f-4a6a-97f8-2500c73c5d74', now(), now(), 'Заведующий кафедрой',
        'DEPARTMENT')
ON CONFLICT DO NOTHING;


insert into role_permissions(role_id, permission_id)
VALUES
    -- Admin role

    -- TODO: add rights delimiter name
    ('ea7a09ea-ba86-4d24-82f2-1a18174541f3', 'c86a4f8d-9f9a-4569-9945-85168652552b'),
    ('ea7a09ea-ba86-4d24-82f2-1a18174541f3', 'c86a4f8d-9f9a-4569-9945-85168652555b'),
    ('ea7a09ea-ba86-4d24-82f2-1a18174541f3', 'c86a4f8d-9f9a-4569-9945-85168652551b'),
    ('ea7a09ea-ba86-4d24-82f2-1a18174541f3', 'c86a4f8d-9f9a-4569-9945-85168652553b'),
    -- TODO: add rights delimiter name
    ('ea7a09ea-ba86-4d24-82f2-1a18174541f3', 'c83a4f8d-9f9a-4569-9945-85168652555b'),
    ('ea7a09ea-ba86-4d24-82f2-1a18174541f3', 'feed8656-8798-4472-a55e-35059d44ab79'),
    ('ea7a09ea-ba86-4d24-82f2-1a18174541f3', '6f0f7970-025d-49ea-ac23-617051cf8b5f'),
    ('ea7a09ea-ba86-4d24-82f2-1a18174541f3', 'c4b46f9d-1148-4c07-90c7-4f2aab5aee2a'),
    -- TODO: add rights delimiter name
    ('ea7a09ea-ba86-4d24-82f2-1a18174541f3', '565c7c6c-4d04-4bf3-b9c0-70d0de3a81a7'),
    ('ea7a09ea-ba86-4d24-82f2-1a18174541f3', '01b69dce-6da8-4369-8135-0e3c9ce65931'),
    ('ea7a09ea-ba86-4d24-82f2-1a18174541f3', '6e8b8f03-27b0-465b-ab60-c83f9ab7c847'),
    ('ea7a09ea-ba86-4d24-82f2-1a18174541f3', 'efe7a483-e8dc-48ba-b149-2a4cefacf136'),
    -- TODO: add rights delimiter name
    ('ea7a09ea-ba86-4d24-82f2-1a18174541f3', 'eb93a437-0273-4858-8fbf-1280ccad0610'),
    ('ea7a09ea-ba86-4d24-82f2-1a18174541f3', '220091a6-2701-49a8-a0a3-cb503fe8174f'),
    ('ea7a09ea-ba86-4d24-82f2-1a18174541f3', 'fb574d01-5c74-40d0-ab7c-72cc7a530823'),
    ('ea7a09ea-ba86-4d24-82f2-1a18174541f3', 'bfc1e1af-4795-41e4-b8ec-823a34495426'),
    -- TODO: add rights delimiter name
    ('ea7a09ea-ba86-4d24-82f2-1a18174541f3', '6f6c1f55-8980-46eb-8d82-02d3ed35de87'),
    ('ea7a09ea-ba86-4d24-82f2-1a18174541f3', 'e7832793-8632-4f10-85f8-39137012e0a5'),
    ('ea7a09ea-ba86-4d24-82f2-1a18174541f3', '7e5caf55-bae8-4b56-b7e2-bc1e24d39f1e'),
    ('ea7a09ea-ba86-4d24-82f2-1a18174541f3', '9ab531e6-bd70-4713-a229-210ea34e1921'),
    -- TODO: add rights delimiter name
    ('ea7a09ea-ba86-4d24-82f2-1a18174541f3', 'b01e494f-2931-481a-8472-30ec6dfcb987'),
    ('ea7a09ea-ba86-4d24-82f2-1a18174541f3', 'de0d9a9e-166f-4227-81af-757dcc741761'),
    ('ea7a09ea-ba86-4d24-82f2-1a18174541f3', 'd2fefa3b-3c54-4f18-92ff-26796834aa3c'),
    ('ea7a09ea-ba86-4d24-82f2-1a18174541f3', '9276f185-7d2f-48cb-8d4d-57f3457fcc78'),
    -- TODO: add rights delimiter name
    ('ea7a09ea-ba86-4d24-82f2-1a18174541f3', 'c48e6b4f-0238-4a83-8a70-e1dc8c25c311'),
    ('ea7a09ea-ba86-4d24-82f2-1a18174541f3', '162493eb-98c5-4e8b-9ae9-772bacfb0eeb'),
    ('ea7a09ea-ba86-4d24-82f2-1a18174541f3', 'cf42336a-fbcd-4aaa-82f7-b6b43b4bc141'),
    ('ea7a09ea-ba86-4d24-82f2-1a18174541f3', '66637b02-4138-4ba9-b2fd-df3404b9a69d'),
    -- TODO: add rights delimiter name
    ('ea7a09ea-ba86-4d24-82f2-1a18174541f3', 'aadb350d-c72b-4b81-93eb-a787bcd7f31e'),
    ('ea7a09ea-ba86-4d24-82f2-1a18174541f3', '50808631-99a0-4683-8185-e515527f0718'),
    ('ea7a09ea-ba86-4d24-82f2-1a18174541f3', 'a192e83e-d027-4cb9-9f00-6176993165d7'),
    ('ea7a09ea-ba86-4d24-82f2-1a18174541f3', 'b466b63d-20f8-4c2c-b8c9-fdda9d1b4ea0'),
    -- Specialities rights
    ('ea7a09ea-ba86-4d24-82f2-1a18174541f3', '4c6131a6-59ec-4347-a687-61f752a55c82'),
    ('ea7a09ea-ba86-4d24-82f2-1a18174541f3', '7525c1f2-f22c-4dde-9153-4ed8fc2ddffd'),
    ('ea7a09ea-ba86-4d24-82f2-1a18174541f3', '4e7a4a0c-7e60-420d-a0d9-924ca6ebe8b7'),
    ('ea7a09ea-ba86-4d24-82f2-1a18174541f3', 'e177683e-f17e-4ba1-8121-3f57a5d2f630'),
    -- Group rights
    ('ea7a09ea-ba86-4d24-82f2-1a18174541f3', '185f0c7f-e70a-44f4-abcd-69d7f58b362c'),
    ('ea7a09ea-ba86-4d24-82f2-1a18174541f3', 'fa410844-37be-453b-aaa3-6e2126a0ce1f'),
    ('ea7a09ea-ba86-4d24-82f2-1a18174541f3', 'd0037f82-546e-4009-81ce-6b5e4cefef7d'),
    ('ea7a09ea-ba86-4d24-82f2-1a18174541f3', '8cf90cc1-a4f0-4bb0-9944-a3c4f36af1ff'),
    -- TODO: add rights delimiter name
    ('ea7a09ea-ba86-4d24-82f2-1a18174541f3', '2ba1fc87-29fa-45d0-8d7e-01ba132d1d0f'),
    ('ea7a09ea-ba86-4d24-82f2-1a18174541f3', '2ba1fc87-29fa-45d0-8d7e-01ba133d1d0f'),
    ('ea7a09ea-ba86-4d24-82f2-1a18174541f3', '2ba1fc87-29fa-45d0-8d7e-01ba134d1d0f'),
    ('ea7a09ea-ba86-4d24-82f2-1a18174541f3', '2ba1fc87-29fa-45d0-8d7e-01ba135d1d0f'),
    -- TODO: add rights delimiter name
    ('ea7a09ea-ba86-4d24-82f2-1a18174541f3', '2ba1fc87-29fa-45d0-8d7e-01ba136d1d0f'),
    ('ea7a09ea-ba86-4d24-82f2-1a18174541f3', '2ba1fc87-29fa-45d0-8d7e-01ba137d1d0f'),
    ('ea7a09ea-ba86-4d24-82f2-1a18174541f3', '2ba1fc87-29fa-45d0-8d7e-01ba138d1d0f'),
    ('ea7a09ea-ba86-4d24-82f2-1a18174541f3', '2ba1fc87-29fa-45d0-8d7e-01ba139d1d0f'),
    -- TODO: add rights delimiter name
    ('ea7a09ea-ba86-4d24-82f2-1a18174541f3', '2ba1fc87-29fa-45d0-8d7e-01ba141d1d0f'),
    ('ea7a09ea-ba86-4d24-82f2-1a18174541f3', '2ba1fc87-29fa-45d0-8d7e-01ba151d1d0f'),
    ('ea7a09ea-ba86-4d24-82f2-1a18174541f3', '2ba1fc87-29fa-45d0-8d7e-01ba161d1d0f'),
    ('ea7a09ea-ba86-4d24-82f2-1a18174541f3', '2ba1fc87-29fa-45d0-8d7e-01ba171d1d0f'),
    -- TODO: add rights delimiter name
    ('ea7a09ea-ba86-4d24-82f2-1a18174541f3', '2ba1fc87-29fa-45d0-8d7e-01ba181d1d0f'),
    ('ea7a09ea-ba86-4d24-82f2-1a18174541f3', '2ba1fc87-29fa-45d0-8d7e-01ba191d1d0f'),
    ('ea7a09ea-ba86-4d24-82f2-1a18174541f3', '2ba1fc87-29fa-45d0-8d7e-01ba931d1d0f'),
    ('ea7a09ea-ba86-4d24-82f2-1a18174541f3', '2ba1fc87-29fa-45d0-8d7e-01ba831d1d0f'),
    -- Flow rights
    ('ea7a09ea-ba86-4d24-82f2-1a18174541f3', '430a927d-33a1-45a3-907b-3be47f118868'),
    ('ea7a09ea-ba86-4d24-82f2-1a18174541f3', 'cf50e8d5-1fda-413d-b7bd-18b30ddb507c'),
    ('ea7a09ea-ba86-4d24-82f2-1a18174541f3', '2eb91765-8720-47e5-bd76-401f0ee02de8'),
    ('ea7a09ea-ba86-4d24-82f2-1a18174541f3', 'ca66fccf-016d-4d65-a4d5-37ee826eb511'),
    -- Teacher rights
    ('ea7a09ea-ba86-4d24-82f2-1a18174541f3', '7b6ee6ba-9727-43c5-b8ab-bc8602f691c6'),
    ('ea7a09ea-ba86-4d24-82f2-1a18174541f3', '75696c1e-d839-48f2-8085-c093a87c0123'),
    ('ea7a09ea-ba86-4d24-82f2-1a18174541f3', 'fc8c5c93-74fd-401a-8c9e-4de82abed812'),
    ('ea7a09ea-ba86-4d24-82f2-1a18174541f3', '7b0852c7-9dd5-4d03-8ae1-32341fb0326d'),
    -- Discipline rights
    ('ea7a09ea-ba86-4d24-82f2-1a18174541f3', 'f8f18983-982d-41c5-909b-8d255fe3fdbc'),
    ('ea7a09ea-ba86-4d24-82f2-1a18174541f3', 'a683c332-d33e-44df-89f5-a95f5a6b581c'),
    ('ea7a09ea-ba86-4d24-82f2-1a18174541f3', '79ac7b41-6596-4a60-aa08-1123354133fa'),
    ('ea7a09ea-ba86-4d24-82f2-1a18174541f3', '1f9dffe3-b494-449f-b7ee-1b4080757369'),
    -- Discipline Groups rights
    ('ea7a09ea-ba86-4d24-82f2-1a18174541f3', 'b0172320-c30c-4e3b-bfb9-ae43a0882bcc'),
    ('ea7a09ea-ba86-4d24-82f2-1a18174541f3', '820c73ae-aebe-4b7c-8265-723e1f003402'),
    ('ea7a09ea-ba86-4d24-82f2-1a18174541f3', '65e634e1-35d4-4d08-a569-544f2e1cbd3a'),
    ('ea7a09ea-ba86-4d24-82f2-1a18174541f3', '19c7c379-8364-492a-8848-cbc228e7d34e'),
    --Universities rights
    ('ea7a09ea-ba86-4d24-82f2-1a18174541f3', '7b6ee6ba-9727-43c5-b8ab-bc8402f691c6'),
    ('ea7a09ea-ba86-4d24-82f2-1a18174541f3', '75696c1e-d839-48f2-8085-c093a87c0543'),
    ('ea7a09ea-ba86-4d24-82f2-1a18174541f3', 'fc8c5c93-74fd-401a-8c9e-4de82abed854'),
    ('ea7a09ea-ba86-4d24-82f2-1a18174541f3', '7b0852c7-9dd5-4d03-8ae1-39341fb0326d'),
    --Load rights
    ('ea7a09ea-ba86-4d24-82f2-1a18174541f3', 'c1bf321a-ece6-4186-b41d-298b42d51e27'),
    ('ea7a09ea-ba86-4d24-82f2-1a18174541f3', 'fdf3fa66-c8a3-4246-b333-c7d6da7882f9'),
    ('ea7a09ea-ba86-4d24-82f2-1a18174541f3', '8b381b4a-195f-42ca-bbe5-38f2ab564816'),
    ('ea7a09ea-ba86-4d24-82f2-1a18174541f3', 'f0103073-853a-4820-8c61-503d51709ca6'),
    --Semester Load rights
    ('ea7a09ea-ba86-4d24-82f2-1a18174541f3', '7f8dd327-f1e0-4d9b-9922-0e6f8b0b1cae'),
    ('ea7a09ea-ba86-4d24-82f2-1a18174541f3', '2d0baba9-5a83-4af6-bafa-3a21f9ad1fb4'),
    ('ea7a09ea-ba86-4d24-82f2-1a18174541f3', 'aa8e4f94-570b-4034-a639-327866d9f5a7'),
    ('ea7a09ea-ba86-4d24-82f2-1a18174541f3', '133eeb75-633e-48ff-9b61-22522bc630e5'),
    --Activities rights
    ('ea7a09ea-ba86-4d24-82f2-1a18174541f3', 'dac83d09-d9c6-4fc1-9ed3-9e0dd594d089'),
    ('ea7a09ea-ba86-4d24-82f2-1a18174541f3', '9586bd2d-2480-4858-883d-f6958dcf81ac'),
    ('ea7a09ea-ba86-4d24-82f2-1a18174541f3', '2ef79236-2d12-4de3-a4a6-d41c894ed068'),
    ('ea7a09ea-ba86-4d24-82f2-1a18174541f3', 'fb6adbe1-5385-4a0c-8cc1-318109e6a333'),

    --Study plans rights
    ('ea7a09ea-ba86-4d24-82f2-1a18174541f3', 'e1afa2f5-c7f2-4474-b007-d4e1cbdc941c'),
    ('ea7a09ea-ba86-4d24-82f2-1a18174541f3', 'd158c461-5fff-4f3d-a7e2-a6012a0777e3'),
    ('ea7a09ea-ba86-4d24-82f2-1a18174541f3', 'a1d64dbd-0998-4fc3-8fe7-c11d3d3c67f7'),
    ('ea7a09ea-ba86-4d24-82f2-1a18174541f3', '403692a9-6647-4bf1-9e05-97a7762ddf02'),
    ('ea7a09ea-ba86-4d24-82f2-1a18174541f3', 'b346aef9-e46a-42ab-b7a4-b9d139a50c5d'),
    ('ea7a09ea-ba86-4d24-82f2-1a18174541f3', '0bee4172-d653-4aeb-899a-b774b74a5ccb'),
    ('ea7a09ea-ba86-4d24-82f2-1a18174541f3', 'c03c50ee-7085-4c5b-baab-e75b5d0e9487'),

    --Timetables rights
    ('ea7a09ea-ba86-4d24-82f2-1a18174541f3', '595bc9f4-e2e8-4a0f-94c1-1a911e8be203'),
    ('ea7a09ea-ba86-4d24-82f2-1a18174541f3', 'f362e2e3-f901-481c-8c55-3ca5197d8b7a'),
    ('ea7a09ea-ba86-4d24-82f2-1a18174541f3', '2bed2a45-9621-4e98-8cf8-402f91b97fd1'),
    ('ea7a09ea-ba86-4d24-82f2-1a18174541f3', 'cc24b4cd-4dff-4104-8506-f35176586880'),
    ('ea7a09ea-ba86-4d24-82f2-1a18174541f3', 'c62b5acf-33ac-4e86-b121-1fd4b5af0ae1'),


    -- Admin role end

    -- Dispatcher role start

    -- TODO: add rights delimiter name
    ('ea7a09ea-ba86-4d24-82f2-1a18174541f2', 'aadb350d-c72b-4b81-93eb-a787bcd7f31e'),
    ('ea7a09ea-ba86-4d24-82f2-1a18174541f2', '50808631-99a0-4683-8185-e515527f0718'),
    ('ea7a09ea-ba86-4d24-82f2-1a18174541f2', 'a192e83e-d027-4cb9-9f00-6176993165d7'),
    ('ea7a09ea-ba86-4d24-82f2-1a18174541f2', 'b466b63d-20f8-4c2c-b8c9-fdda9d1b4ea0'),

    -- Dispatcher role end

    -- Department role start

    -- TODO: add rights delimiter name
    ('ad1858e1-610f-4a6a-97f8-2500c73c5d74', '7e5caf55-bae8-4b56-b7e2-bc1e24d39f1e'),

    -- Department role end

    -- Deanery role start

    -- TODO: add rights delimiter name
    ('0468f355-99df-4b6e-bfa0-7c15f319baf1', '220091a6-2701-49a8-a0a3-cb503fe8174f')

    -- Deanery role end
ON CONFLICT DO NOTHING;

insert into deanery (id, created_when, updated_when, full_name, short_name, description)
VALUES ('e04dcd25-ed60-4fe2-91d6-9b3ee339a3e0', now(), now(),
        'Энергетический факультет', 'ЭФ',
        'Энергетический факультет – один из старейших ведущих факультетов университета, имеющий богатейший опыт в подготовке инженерных и научно-педагогических кадров в области электро- и теплоэнергетики.'),
       ('67f2bc24-2eba-4c48-b75e-07c82716192a', now(), now(),
        'Факультет технологий управления и гуманитаризации', 'ФТУГ',
        'Факультет технологий управления и гуманитаризации - уникальный факультет в Республике Беларусь, ведущий подготовку специалистов инженерного, экономического, управленческого и дизайнерского профиля. Наши выпускники получают двойную квалификацию и имеют широкое поле для профессиональной самореализации.'),
       ('9db1aeb3-550d-4d59-b652-0a11aa968fb5', now(), now(),
        'Факультет информационных технологий и робототехники', 'ФИТР',
        'Сегодня большая часть выпускников работает в области разработки современных компьютерных систем и информационных технологий. На кафедре имеются учебные классы и лаборатории, оснащенные современными компьютерами и техническими средствами.')
ON CONFLICT DO NOTHING;


INSERT INTO department (id, created_when, updated_when, code, full_name, short_name, deanery_id, description)
VALUES ('79f61b01-11c6-43f8-9f8c-2e60a5aacb26', now(), now(), 'ФИТР-47',
        'Программное обеспечение информационных систем и технологий', 'ПОИСиТ', '9db1aeb3-550d-4d59-b652-0a11aa968fb5',
        'Сегодня большая часть выпускников работает в области разработки современных компьютерных систем и информационных технологий.'),
       ('67f2bc24-2eba-4c48-b75e-07c82716191a', now(), now(), 'ФИТР-53',
        'Робототехнические системы', 'РТС', '9db1aeb3-550d-4d59-b652-0a11aa968fb5',
        'История кафедры начинается с 1980г., на базе кафедры "Металлорежущие станки и инструменты" на машиностроительном факультете была образована кафедра "Автоматизация и комплексная механизация машиностроения", для подготовки инженеров по специальности под этим же названием. '),
       ('c1dd6896-52fc-450a-acf3-bd3c1a376747', now(), now(), 'ЭФ-108', 'Тепловые электрические станции', 'ТЭС',
        'e04dcd25-ed60-4fe2-91d6-9b3ee339a3e0', 'Кафедра «Тепловые электрические станции»')
ON CONFLICT
    DO NOTHING;

INSERT INTO users
(id, created_when, updated_when, email, first_name, last_name, password, patronymic, status, deanery_id, role_id,
 department_id)
VALUES ('1485272a-809c-42c7-9e5c-61077e299811', now(), now(), 'admin@gmail.com', 'Станислав', 'Тавакалов',
        '$2a$12$7UNAZOZvrLMugXU34YuMeOHNaWW5YvDvV2PxWUUpJQ4UKgD3F6JgS', 'Сергеевич', 'ACTIVE', null,
        'ea7a09ea-ba86-4d24-82f2-1a18174541f3', null),
       ('4e8db6fd-1fe6-4e62-99ca-32fdff36e78b', now(), now(), 'polit99254@cyadp.com', 'Иван', 'Иванов',
        '$2a$12$7UNAZOZvrLMugXU34YuMeOHNaWW5YvDvV2PxWUUpJQ4UKgD3F6JgS', 'Иванович', 'ACTIVE', null,
        'ea7a09ea-ba86-4d24-82f2-1a18174541f2', null),
       ('d7a8cdd8-96c1-4fed-8f71-5889bdd97f7a', now(), now(), 'safita3425@ingfix.com', 'Юрий', 'Полозков',
        '$2a$12$7UNAZOZvrLMugXU34YuMeOHNaWW5YvDvV2PxWUUpJQ4UKgD3F6JgS', 'Владимирович', 'ACTIVE', null,
        'ad1858e1-610f-4a6a-97f8-2500c73c5d74', '79f61b01-11c6-43f8-9f8c-2e60a5aacb26'),
       ('e28b5564-f5f5-4f37-b776-c6992e91d20e', now(), now(), 'rojej79013@datakop.com', 'Андрей', 'Авсиевич',
        '$2a$12$7UNAZOZvrLMugXU34YuMeOHNaWW5YvDvV2PxWUUpJQ4UKgD3F6JgS', 'Михайлович', 'ACTIVE',
        '9db1aeb3-550d-4d59-b652-0a11aa968fb5', '0468f355-99df-4b6e-bfa0-7c15f319baf1', null)
ON CONFLICT DO NOTHING;



INSERT INTO building
    (id, created_when, updated_when, description, number)
VALUES ('69813fda-f2a4-4672-845f-052d9f71d50f', '2021-12-06 00:16:43.074000', '2021-12-06 00:16:43.074000',
        'Белорусский национальный технический университет — высшее учебное заведение инженерно-технического профиля. Ведущее учебное заведение в национальной системе образования Белоруссии в этом профиле. Первоначально в институте было 6 специальных отделений: механическое, инженерно-строительное, культурно-техническое, техником-химическое, электротехническое, лесное. По другим данным, набор студентов осуществляли пять факультетов: механический, инженерно-строительный, культурно-технический, химико-технологический, электротехнический. Первым ректором был назначен Никанор Казимирович Ярошевич. Преподавательский состав насчитывал 56 человек. В первом учебном году в институте обучались 305 студентов и 119 слушателей подготовительного отделения (61 % белорусов, 38 % евреев; 92,9 % мужчин, 7,1 % женщин). В дальнейшем, после ряда реорганизаций 1 июля 1933 года СовНарком БССР принимает решение о восстановлении политехнического института, в котором в сентябре 1933 году работали уже 120 преподавателей и действовало 20 кафедр, а также обучалось около 1200 студентов.',
        '3'),
       ('e7cc36b0-1b59-4174-9e9f-2d543d5556d8', '2021-12-06 00:16:37.426000', '2021-12-06 00:16:37.426000',
        'Белорусский национальный технический университет — высшее учебное заведение инженерно-технического профиля. Ведущее учебное заведение в национальной системе образования Белоруссии в этом профиле. Первоначально в институте было 6 специальных отделений: механическое, инженерно-строительное, культурно-техническое, техником-химическое, электротехническое, лесное. По другим данным, набор студентов осуществляли пять факультетов: механический, инженерно-строительный, культурно-технический, химико-технологический, электротехнический. Первым ректором был назначен Никанор Казимирович Ярошевич. Преподавательский состав насчитывал 56 человек. В первом учебном году в институте обучались 305 студентов и 119 слушателей подготовительного отделения (61 % белорусов, 38 % евреев; 92,9 % мужчин, 7,1 % женщин). В дальнейшем, после ряда реорганизаций 1 июля 1933 года СовНарком БССР принимает решение о восстановлении политехнического института, в котором в сентябре 1933 году работали уже 120 преподавателей и действовало 20 кафедр, а также обучалось около 1200 студентов.',
        '5'),
       ('b1c1d7e3-8258-48d0-a7e4-22d365500ef5', '2021-12-06 00:16:50.753000', '2021-12-06 00:17:20.421000',
        'Белорусский национальный технический университет — высшее учебное заведение инженерно-технического профиля. Ведущее учебное заведение в национальной системе образования Белоруссии в этом профиле. Первоначально в институте было 6 специальных отделений: механическое, инженерно-строительное, культурно-техническое, техником-химическое, электротехническое, лесное. По другим данным, набор студентов осуществляли пять факультетов: механический, инженерно-строительный, культурно-технический, химико-технологический, электротехнический. Первым ректором был назначен Никанор Казимирович Ярошевич. Преподавательский состав насчитывал 56 человек. В первом учебном году в институте обучались 305 студентов и 119 слушателей подготовительного отделения (61 % белорусов, 38 % евреев; 92,9 % мужчин, 7,1 % женщин). В дальнейшем, после ряда реорганизаций 1 июля 1933 года СовНарком БССР принимает решение о восстановлении политехнического института, в котором в сентябре 1933 году работали уже 120 преподавателей и действовало 20 кафедр, а также обучалось около 1200 студентов.',
        '1'),
       ('86a6d897-f2ad-43b3-a388-d1880881d14e', '2021-12-06 00:17:45.155000', '2021-12-06 00:17:45.155000',
        'Белорусский национальный технический университет — высшее учебное заведение инженерно-технического профиля. Ведущее учебное заведение в национальной системе образования Белоруссии в этом профиле. Первоначально в институте было 6 специальных отделений: механическое, инженерно-строительное, культурно-техническое, техником-химическое, электротехническое, лесное. По другим данным, набор студентов осуществляли пять факультетов: механический, инженерно-строительный, культурно-технический, химико-технологический, электротехнический. Первым ректором был назначен Никанор Казимирович Ярошевич. Преподавательский состав насчитывал 56 человек. В первом учебном году в институте обучались 305 студентов и 119 слушателей подготовительного отделения (61 % белорусов, 38 % евреев; 92,9 % мужчин, 7,1 % женщин). В дальнейшем, после ряда реорганизаций 1 июля 1933 года СовНарком БССР принимает решение о восстановлении политехнического института, в котором в сентябре 1933 году работали уже 120 преподавателей и действовало 20 кафедр, а также обучалось около 1200 студентов.',
        '8')
ON CONFLICT DO NOTHING;

INSERT INTO floor (id, created_when, updated_when, number, building_id)
VALUES ('66202ecd-5bdf-4ea0-8bc5-9ec898147454', '2021-12-06 00:16:37.427000', '2021-12-06 00:16:37.427000', 1,
        'e7cc36b0-1b59-4174-9e9f-2d543d5556d8'),
       ('8ab7c590-74a4-4ff1-a216-3f2ca71cc34f', '2021-12-06 00:16:37.428000', '2021-12-06 00:16:37.428000', 2,
        'e7cc36b0-1b59-4174-9e9f-2d543d5556d8'),
       ('5c2359c8-ed39-4b26-b6e1-ad1047ab263c', '2021-12-06 00:16:37.428000', '2021-12-06 00:16:37.428000', 3,
        'e7cc36b0-1b59-4174-9e9f-2d543d5556d8'),
       ('f9632b11-f001-4520-b803-d80837f19556', '2021-12-06 00:16:37.429000', '2021-12-06 00:16:37.429000', 4,
        'e7cc36b0-1b59-4174-9e9f-2d543d5556d8'),
       ('6dbaabff-a635-4895-9152-64c99bf07883', '2021-12-06 00:16:43.075000', '2021-12-06 00:16:43.075000', 1,
        '69813fda-f2a4-4672-845f-052d9f71d50f'),
       ('71ab0c1e-d124-4125-a28d-f94b6fbfa60d', '2021-12-06 00:16:43.076000', '2021-12-06 00:16:43.076000', 2,
        '69813fda-f2a4-4672-845f-052d9f71d50f'),
       ('1d245649-4070-47d9-9ada-b94d7ae163ff', '2021-12-06 00:16:43.077000', '2021-12-06 00:16:43.077000', 3,
        '69813fda-f2a4-4672-845f-052d9f71d50f'),
       ('d1c292b5-e0dc-4a46-a2b4-a238461822c7', '2021-12-06 00:16:50.754000', '2021-12-06 00:17:20.422000', 1,
        'b1c1d7e3-8258-48d0-a7e4-22d365500ef5'),
       ('f535c718-e1fb-4b6a-bcca-907157fbd6ae', '2021-12-06 00:16:50.755000', '2021-12-06 00:17:20.425000', 2,
        'b1c1d7e3-8258-48d0-a7e4-22d365500ef5'),
       ('7d5bce5a-4072-442c-9a04-8fb35e646540', '2021-12-06 00:16:50.756000', '2021-12-06 00:17:20.426000', 3,
        'b1c1d7e3-8258-48d0-a7e4-22d365500ef5'),
       ('88b00a76-4cdb-44eb-b264-8512018fa088', '2021-12-06 00:16:50.756000', '2021-12-06 00:17:20.427000', 4,
        'b1c1d7e3-8258-48d0-a7e4-22d365500ef5'),
       ('280d8fb2-5072-45d4-819d-d8729edcbc93', '2021-12-06 00:17:45.157000', '2021-12-06 00:17:45.157000', 1,
        '86a6d897-f2ad-43b3-a388-d1880881d14e'),
       ('b950b29c-f639-4b3a-84d0-18559285c4cf', '2021-12-06 00:17:45.157000', '2021-12-06 00:17:45.157000', 2,
        '86a6d897-f2ad-43b3-a388-d1880881d14e'),
       ('ea54a3a8-46a0-4e41-8b75-c79cbcc897c9', '2021-12-06 00:17:45.158000', '2021-12-06 00:17:45.158000', 3,
        '86a6d897-f2ad-43b3-a388-d1880881d14e'),
       ('4732c65e-cd4f-401d-9bcf-dfbc8f70533b', '2021-12-06 00:17:45.158000', '2021-12-06 00:17:45.158000', 4,
        '86a6d897-f2ad-43b3-a388-d1880881d14e'),
       ('38007578-5565-43e8-8e83-e8479bb9b94d', '2021-12-06 00:17:45.159000', '2021-12-06 00:17:45.159000', 5,
        '86a6d897-f2ad-43b3-a388-d1880881d14e'),
       ('2c233534-c10b-4b42-8949-35cf4d36dcad', '2021-12-06 00:17:45.159000', '2021-12-06 00:17:45.159000', 6,
        '86a6d897-f2ad-43b3-a388-d1880881d14e'),
       ('dbeefe0e-3684-4180-95a7-58f5593a0b10', '2021-12-06 00:17:45.160000', '2021-12-06 00:17:45.160000', 7,
        '86a6d897-f2ad-43b3-a388-d1880881d14e'),
       ('95f9f317-96e5-4fc8-ab6d-5b6c15c1fe30', '2021-12-06 00:17:45.160000', '2021-12-06 00:17:45.160000', 8,
        '86a6d897-f2ad-43b3-a388-d1880881d14e'),
       ('895b5c97-dd5f-42c4-b700-74863302a28f', '2021-12-06 00:17:45.160000', '2021-12-06 00:17:45.160000', 9,
        '86a6d897-f2ad-43b3-a388-d1880881d14e'),
       ('f343d1e6-5a94-47cb-b5c6-0da556b7f5fd', '2021-12-06 00:17:45.161000', '2021-12-06 00:17:45.161000', 10,
        '86a6d897-f2ad-43b3-a388-d1880881d14e')
ON CONFLICT DO NOTHING;

INSERT INTO public.classroom_type
    (id, created_when, updated_when, color, name)
VALUES ('6ab3c6f6-4331-45e0-986d-0ddf3479851a', '2021-12-21 01:40:35.000000', '2021-12-21 01:40:36.000000', 'green',
        'Лекционная'),
       ('5ab3c6f6-4331-45e0-986d-0ddf3479851a', '2021-12-21 01:40:37.000000', '2021-12-21 01:40:37.000000', 'blue',
        'Лабораторная'),
       ('4ab3c6f6-4331-45e0-986d-0ddf3479851a', '2021-12-21 01:40:38.000000', '2021-12-21 01:40:38.000000', 'red',
        'Практическая')
ON CONFLICT DO NOTHING;

INSERT INTO public.classroom_specialization
    (id, created_when, updated_when, name)
VALUES ('c785573d-016b-4b53-af2f-84d04e0cd996', '2021-12-21 01:43:09.000000', '2021-12-21 01:43:08.000000',
        'Спортивная'),
       ('c685573d-016b-4b53-af2f-84d04e0cd996', '2021-12-21 01:43:08.000000', '2021-12-21 01:43:09.000000',
        'Компьютерная'),
       ('c585573d-016b-4b53-af2f-84d04e0cd996', '2021-12-21 01:43:10.000000', '2021-12-21 01:43:10.000000',
        'Химическая'),
       ('c485573d-016b-4b53-af2f-84d04e0cd996', '2021-12-21 01:43:11.000000', '2021-12-21 01:43:11.000000',
        'Физическая')
ON CONFLICT DO NOTHING;

INSERT INTO public.academic_degree
    (id, created_when, updated_when, name)
VALUES ('c785573d-016b-4b53-af2f-67d04e0cd996', '2022-02-05 01:43:09.000000', '2022-02-05 01:43:08.000000',
        'Доцент'),
       ('c685573d-016b-4b53-af2f-88d04e0cd996', '2022-02-05 01:43:09.000000', '2022-02-05 01:43:09.000000',
        'Профессор')
ON CONFLICT DO NOTHING;

INSERT INTO public.academic_title
    (id, created_when, updated_when, name)
VALUES ('c785573d-016b-4b53-af2f-67d04e0cd992', '2022-02-05 01:43:09.000000', '2022-02-05 01:43:08.000000',
        'Кандидат наук'),
       ('c685573d-016b-4b53-af2f-88d04e0cd993', '2022-02-05 01:43:09.000000', '2022-02-05 01:43:09.000000',
        'Доктор наук')
ON CONFLICT DO NOTHING;

INSERT INTO public.teacher_position
    (id, created_when, updated_when, name)
VALUES ('c785573d-016b-4b53-af2f-67d04e0cd998', '2022-02-05 01:43:09.000000', '2022-02-05 01:43:08.000000',
        'Преподаватель'),
       ('c685573d-016b-4b53-af2f-88d04e0cd993', '2022-02-05 01:43:09.000000', '2022-02-05 01:43:09.000000',
        'Старший преподаватель')
ON CONFLICT DO NOTHING;


INSERT INTO public.work_tariff
    (id, created_when, updated_when, name)
VALUES ('c785573d-016b-4b53-af2f-67d04e0cd596', '2022-02-05 01:43:09.000000', '2022-02-05 01:43:08.000000',
        '0.5'),
       ('c685573d-016b-4b53-af2f-88d04e0cd496', '2022-02-05 01:43:09.000000', '2022-02-05 01:43:09.000000',
        '1')
ON CONFLICT DO NOTHING;


INSERT INTO speciality (id, created_when, updated_when, description, direction_code, direction_name, full_name,
                        short_code, short_name, speciality_code, specialization_code, specialization_name,
                        department_id)
VALUES ('2135088e-20b1-42c5-9b26-4dad97fb3c0c', now(), now(), 'Специальность ориентирована на подготовку программистов - разработчиков прикладного программного обеспечения.
Выпускники владеют современными средствами создания программных продуктов, реализующих компьютерное моделирование систем и процессов, представление, хранение, защиту и обработку информации с помощью различных инструментальных сред.
Выпускники кафедры – IT-специалисты: будущие руководители проектов, программисты, тестировщики, системные администраторы различных государственных и коммерческих структур.
Выпускающая кафедра «Программное обеспечение информационных систем и технологий».
Выпускники получают квалификацию «инженер-программист».', '', '', 'Программное обеспечение информационных технологий',
        '01', 'ПОИТ', ' 1-40 01 01', null, '', '79f61b01-11c6-43f8-9f8c-2e60a5aacb26'),
       ('ac7a9936-0edd-4bce-a28c-84663d5572db', now(), now(), 'Направление специальности ориентировано на подготовку программистов, владеющих современными информационными технологиями обработки и представления информации в технике, производстве, социальной сфере. Обучение студентов ведется с учетом новых тенденций развития интегрированных сред, распределенной обработки данных, разработки приложений для мобильных устройств, хранения и доступа к данным на основе востребованных систем управления базами данных. Особое внимание уделяется изучению технологий разработки Internet и Web-приложений, проектированию информационного обеспечения, организации информационно-вычислительных процессов и систем, систем сбора, хранения и обработки текстовой и графической информации.
Выпускающая кафедра «Программное обеспечение информационных систем и технологий».
Выпускники получают квалификацию «инженер-программист».', '04',
        'Информационные системы и технологии (в обработке и представлении информации)',
        'Информационные системы и технологии', '02', 'ИСИТ', '1-40 05 01', '01',
        'Математическое обеспечение и системное программирование', '79f61b01-11c6-43f8-9f8c-2e60a5aacb26'),
       ('de382d9e-3e6f-4f5c-9e4b-ac7bea6687e8', now(), now(), 'Подготовку специалистов по специальности 1-53 01 04 осуществляет кафедра «Тепловые электрические станции» с присвоением выпускникам квалификации «инженер-теплоэнергетик по автоматизации».
Студенты глубоко изучают теплоэнергетические дисциплины, связанные с работой основного и вспомогательного оборудования тепловых электрических станций как объектов управления, теорию автоматического управления, методы и средства измерения, а также технические средства автоматизации, включая информационные и управляющие комплексы.
Выпускники кафедры могут работать не только в качестве инженеров по автоматизации, специалистов по контрольно-измерительным приборам и автоматизированным системам управления технологическими процессами на ТЭС, но и успешно выполнять инженерные функции в других энергетических предприятиях.
Среди предприятий и организаций, на которые распределяются выпускники кафедры «Тепловые электрические станции», − Государственное производственное объединение «Белэнерго» (тепловые электростанции, предприятия тепловых сетей), ОАО «Белэнергоремналадка», ОАО «Центрэнергомонтаж», Белорусский теплоэнергетический институт («БелТЭИ»), Белорусский научно-исследовательский и проектный институт энергетической промышленности («БелНИПИэнергопром»), предприятия жилищно-коммунального сектора и промышленности и др.',
        null, null, 'Автоматизация и управление теплоэнергетическими процессами', '01', 'АиУПТ', '1-53 01 04', null,
        null, 'c1dd6896-52fc-450a-acf3-bd3c1a376747')
ON CONFLICT DO NOTHING;

INSERT INTO study_group (id, created_when, updated_when, enter_year, number, student_count, speciality_id)
VALUES ('399cf85e-62da-4ee3-aed1-fd4a12aec076', now(), now(), 2022,
        '10801122', 20, 'de382d9e-3e6f-4f5c-9e4b-ac7bea6687e8'),
       ('4cdcf958-8027-4c00-91ba-691b97d82118', now(), now(), 2022,
        '10801222', 23, 'de382d9e-3e6f-4f5c-9e4b-ac7bea6687e8'),
       ('a499da89-1c61-473a-bb5a-5066324f43fa', now(), now(), 2022, '10701122', 22,
        '2135088e-20b1-42c5-9b26-4dad97fb3c0c'),
       ('11b66d59-19ea-4878-a6e2-0c29975462da', now(), now(), 2022,
        '10701222', 35, '2135088e-20b1-42c5-9b26-4dad97fb3c0c'),
       ('d492e863-8654-420c-ae94-02f45bf09fa3', now(), now(), 2022,
        '10702122', 21, 'ac7a9936-0edd-4bce-a28c-84663d5572db')
ON CONFLICT DO NOTHING;


INSERT INTO subgroup (id, created_when, updated_when, number, student_count, group_id)
VALUES ('e2e72e85-f400-4479-a8b6-311e9c690236', '2022-03-01 10:45:52.172208', '2022-03-01 10:45:52.172208', 1, 10,
        '399cf85e-62da-4ee3-aed1-fd4a12aec076'),
       ('ffe8e99e-1994-4ae4-897e-9ff2f1a0e7ce', now(), now(), 2, 10, '399cf85e-62da-4ee3-aed1-fd4a12aec076'),
       ('63f0028f-a2ab-4fc2-bdec-c802b7f9f1ef', now(), now(), 2, 10, '4cdcf958-8027-4c00-91ba-691b97d82118'),
       ('fb085391-6c07-4b80-b512-dc073e6b17c7', now(), now(), 1, 13, '4cdcf958-8027-4c00-91ba-691b97d82118'),
       ('5fa18d77-e67c-4849-aa17-aa634b4ab563', now(), now(), 2, 10, 'd492e863-8654-420c-ae94-02f45bf09fa3'),
       ('f7f92b1e-6770-4d78-80f5-ea73354c89ec', now(), now(), 1, 11, 'd492e863-8654-420c-ae94-02f45bf09fa3'),
       ('dc90954d-8d3a-47fa-9a38-3a4bdda5509b', now(), now(), 3, 11, '11b66d59-19ea-4878-a6e2-0c29975462da'),
       ('fcef2a24-b0f6-4e2e-9ad7-2daf3d44e171', now(), now(), 1, 12, '11b66d59-19ea-4878-a6e2-0c29975462da'),
       ('bf3f8556-199f-4b12-82a3-ceed8d194206', now(), now(), 2, 12, '11b66d59-19ea-4878-a6e2-0c29975462da'),
       ('e4f5fac3-3420-49b2-9512-d88919d739ed', now(), now(), 1, 11, 'a499da89-1c61-473a-bb5a-5066324f43fa'),
       ('9e832880-462c-40c6-ac47-569c5318d47d', now(), now(), 2, 11, 'a499da89-1c61-473a-bb5a-5066324f43fa')
ON CONFLICT DO NOTHING;


INSERT INTO public.activity (id, created_when, updated_when, name, symbol)
VALUES ('26da3d4b-f9f8-483f-ad66-294509f042ad', now(), now(),
        'Теоретическое обучение', ' '),
       ('4a6a0b5d-7995-4f2d-8f87-3a8c528caaab', now(), now(),
        'Экзаменнационная сессия', ':'),
       ('d812a820-8407-4fb8-a97a-0a72f69330a3', now(), now(),
        'Дипломное проектирование', '-'),
       ('7ac14f73-cb86-455e-9c4e-7753d9dd8c92', now(), now(),
        'Учебная практика', 'O'),
       ('4e60d064-a3ce-4f0f-880c-edae7f0b95c0', now(), now(),
        'Производственная практика', 'X'),
       ('946d36c5-919a-4ae3-99fd-a2e586c6c90e', now(), now(),
        'Итоговая аттестация', '-'),
       ('c89cb514-a101-4708-8750-c54178cee7f5', now(), now(),
        'Каникулы', '=')
ON CONFLICT DO NOTHING;

INSERT INTO public.qualification (id, created_when, updated_when, name)
VALUES ('26da3d4b-f9f8-483f-ad66-294509f0422d', now(), now(),
        'Инженер-программист'),
       ('4a6a0b5d-7995-4f2d-8f87-3a8c528caa2b', now(), now(),
        'Инженер'),
       ('d812a820-8407-4fb8-a97a-0a72f6933023', now(), now(),
        'Программист')
ON CONFLICT DO NOTHING;

INSERT INTO public.load (id, created_when, updated_when, name)
VALUES ('bf3249da-6608-42d3-bfd9-de4115d02f54', now(), now(), 'Лекции'),
       ('f72bacd4-51b1-4cd7-af72-e7bad77cd6ca', now(), now(), 'Практика'),
       ('05fc1929-a578-4123-b2e9-9cdf9298a2c6', now(), now(), 'Лабораторные')
ON CONFLICT DO NOTHING;

INSERT INTO public.semester_load (id, created_when, updated_when, name)
VALUES ('56f70fa5-99a6-4e60-83b7-0aa628fcd59b', now(), now(), 'РГР'),
       ('b5c30a6e-6ad2-4c5e-8320-3b91a306121b', now(), now(), 'Экзамены'),
       ('b491702a-f344-4254-a6e1-bb5dd0a76a50', now(), now(), 'Зачеты')
ON CONFLICT DO NOTHING;


INSERT INTO public.shift (id, created_when, updated_when, name)
VALUES ('f8fb057c-96be-4352-8594-f926dc41e076', now(), now(), 'Дневная'),
       ('74112aa7-987e-4c4f-b689-afd914ad6537', now(), now(), 'Вечерняя')

ON CONFLICT DO NOTHING;

INSERT INTO public.timeline (id, created_when, updated_when, start_time, end_time, academic_hours, shift_id)
VALUES ('bbf52d1f-d8cb-4963-902a-415ea919c715', now(), now(), '8:00:00', '9:35:00', 2,
        'f8fb057c-96be-4352-8594-f926dc41e076'),
       ('2091d8c3-5c84-4055-a80b-9e1222e61fd7', now(), now(), '9:55:00', '11:30:00', 2,
        'f8fb057c-96be-4352-8594-f926dc41e076'),
       ('bbf52d1f-d8cb-4963-902a-415ea919c715', now(), now(), '12:00:00', '13:35:00', 2,
        'f8fb057c-96be-4352-8594-f926dc41e076'),
       ('2091d8c3-5c84-4055-a80b-9e1222e61fd7', now(), now(), '13:55:00', '15:30:00', 2,
        'f8fb057c-96be-4352-8594-f926dc41e076'),
       ('1c14c5ea-39bf-4769-a490-4b5eb9a72231', now(), now(), '15:40:00', '17:15:00', 2,
        'f8fb057c-96be-4352-8594-f926dc41e076'),
       ('28885344-52c2-4256-be0d-b68356e1630f', now(), now(), '17:45:00', '19:20:00', 2,
        'f8fb057c-96be-4352-8594-f926dc41e076'),
       ('ea932910-75dd-4916-bd13-cdeb3640765a', now(), now(), '19:30:00', '21:05:00', 2,
        'f8fb057c-96be-4352-8594-f926dc41e076'),
       ('52ca3b8c-1c45-413c-8e73-424ec2373374', now(), now(), '14:00:00', '15:35:00', 2,
        '74112aa7-987e-4c4f-b689-afd914ad6537'),
       ('da65044f-72ea-4d04-9b0b-9ab20f326fd7', now(), now(), '14:55:00', '16:30:00', 2,
        '74112aa7-987e-4c4f-b689-afd914ad6537')
ON CONFLICT DO NOTHING;


INSERT INTO public.discipline_group (id, created_when, updated_when, name)
VALUES ('26da3d4b-f9f8-483f-ad66-294509f041ad', now(), now(),
        'Математика'),
       ('4a6a0b5d-7995-4f2d-8f87-3a8c548caaab', now(), now(),
        'Языки программирования'),
       ('d812a820-8407-4fb8-a97a-0a72f67130a3', now(), now(),
        'Алгоритмы'),
       ('b80ba7d4-1206-4421-b865-4b74e2338389', now(), now(),
        'Компьютерная графика'),
       ('6089e02e-0026-4a13-9d54-0d3dd4274dbe', now(), now(),
        'Философия'),
       ('5d54bd67-1222-4ddb-b3ce-1c2cbbab4ff8', now(), now(),
        'Физика'),
       ('649af1d5-d304-4036-bbaa-38fd39990f7f', now(), now(),
        'Экономика'),
       ('c328bd7c-49ae-4414-b978-3f7fe980ce9c', now(), now(),
        'Иностранные языки'),
       ('fdefce98-e6ba-4617-aa6d-90df262e994e', now(), now(),
        'Физкультура'),
       ('6db68cb4-6957-4538-ad33-92f80a964053', now(), now(),
        'Политология'),
       ('9126ef41-2939-47f1-9afc-029cc0962a01', now(), now(),
        'История'),
       ('e682f980-78b0-49db-a83a-2414be8b5676', now(), now(),
        'Языки')
ON CONFLICT DO NOTHING;

INSERT INTO public.discipline
(id, created_when, updated_when, classroom_hours, course_work_semester_num,
 credit_units, description, discipline_type, is_template, name,
 position, total_hours, university, component_id, cycle_id, discipline_group_id)
VALUES ('355d8f55-8c94-43bd-8c19-4e8270efb759', now(),
        now(), 76, null, 4, '-', 'STANDARD',
        true, 'Интегрированный модуль "Философия"', null, 152, 'БНТУ', null,
        null, '6089e02e-0026-4a13-9d54-0d3dd4274dbe'),

       ('f65e23d9-8d39-45b3-a1e6-b44d05241a15', now(),
        now(), 84, null, 4, '-', 'STANDARD',
        true, 'Интегрированный модуль "Экономика"', null, 140, 'БНТУ', null,
        null, '649af1d5-d304-4036-bbaa-38fd39990f7f'),

       ('a73dffa4-3d40-42e0-a904-e55277fca28e', now(),
        now(), 76, null, 4, '-к', 'STANDARD',
        true, 'Интегрированный модуль "Политология"', null, 152, 'БНТУ', null,
        null, '6db68cb4-6957-4538-ad33-92f80a964053'),

       ('e3579712-b027-497a-ae78-b01a3c62d3c7', now(),
        now(), 76, null, 4, '-', 'STANDARD',
        true, 'Интегрированный модуль "История"', null, 152, 'БНТУ', null,
        null, '26da3d4b-f9f8-483f-ad66-294509f041ad'),

       ('ccf2eca7-ae81-4d91-830a-14d5b92170a2', now(),
        now(), 76, null, 4, '-', 'STANDARD',
        true, 'Математика', null, 152, 'БНТУ', null,
        null, '26da3d4b-f9f8-483f-ad66-294509f041ad'),

       ('8919a5c9-dcd7-405a-92ce-5f5c78121485', now(),
        now(), 76, null, 4, '-', 'STANDARD',
        true, 'Физика', null, 152, 'БНТУ', null,
        null, '5d54bd67-1222-4ddb-b3ce-1c2cbbab4ff8'),

       ('037bfede-3685-4ed9-be57-1bd9d72fa5b8', now(),
        now(), 76, null, 4, '-', 'STANDARD',
        true, 'Алгоритмы вычислений', null, 152, 'БНТУ', null,
        null, 'd812a820-8407-4fb8-a97a-0a72f67130a3'),

       ('d2af2cb1-e4f7-4f21-bd71-78673e2063ee', now(),
        now(), 76, null, 4, '-', 'STANDARD',
        true, 'Компьютерная графика', null, 152, 'БНТУ', null,
        null, '26da3d4b-f9f8-483f-ad66-294509f041ad'),

       ('0cfd3091-1f61-4f98-b3c9-c513ece73aa9', now(),
        now(), 76, null, 4, '-', 'STANDARD',
        true, 'Базы данных', null, 152, 'БНТУ', null,
        null, 'd812a820-8407-4fb8-a97a-0a72f67130a3'),


       ('ec3b2382-2f0f-4358-91e5-d85cf877404c', now(),
        now(), 76, null, 4, '-', 'STANDARD',
        true, 'Методы и алгоритмы принятия решений', null, 152, 'БНТУ', null,
        null, 'd812a820-8407-4fb8-a97a-0a72f67130a3'),


       ('390577b6-3612-4cb8-872f-078f3c9ab9d3', now(),
        now(), 76, null, 4, '-', 'FACULTATIVE',
        true, 'Французский язык', null, 152, 'БНТУ', null,
        null, 'e682f980-78b0-49db-a83a-2414be8b5676'),

       ('272b77a0-9eeb-40be-b783-a9a303c78152', now(),
        now(), 76, null, 4, '-', 'FACULTATIVE',
        true, 'Английский язык', null, 152, 'БНТУ', null,
        null, 'e682f980-78b0-49db-a83a-2414be8b5676'),

       ('a24fdede-ad8c-47b8-8802-71e6ff272c4f', now(),
        now(), 76, null, 4, '-', 'EXTRA',
        true, 'Физкультура', null, 152, 'БНТУ', null,
        null, 'fdefce98-e6ba-4617-aa6d-90df262e994e'),


       ('b52cc556-2d57-4b9c-99ee-414be56ab102', now(),
        now(), 76, null, 4, '-', 'BASIC',
        true, 'Python', null, 152, 'БНТУ', null,
        null, '4a6a0b5d-7995-4f2d-8f87-3a8c548caaab'),

       ('794f9f1f-9cc5-4529-98e8-9bea45e9fc53', now(),
        now(), 76, null, 4, '-', 'BASIC',
        true, 'Java', null, 152, 'БНТУ', null,
        null, '4a6a0b5d-7995-4f2d-8f87-3a8c548caaab')


ON CONFLICT DO NOTHING;


INSERT INTO public.teacher
(id, created_when, updated_when, additional_info, first_name, hours, last_name,
 patronymic, staff_type, academic_degree_id, academic_title_id,
 teacher_position_id, work_tariff_id)
VALUES ('8895d062-6a50-4639-a3f4-9d192b01fbae', now(), now(),
        null, 'Иван', null, 'Иванов', 'Иванович',
        'FULL_TIME', 'c785573d-016b-4b53-af2f-67d04e0cd996',
        'c785573d-016b-4b53-af2f-67d04e0cd992', 'c785573d-016b-4b53-af2f-67d04e0cd998',
        'c685573d-016b-4b53-af2f-88d04e0cd496'),
       ('fa6ec145-533e-4f90-93c9-cab78499272c', now(), now(), null,
        'Егор', null, 'Егоров', 'Егорович', 'INTERNAL_COMBINER', 'c685573d-016b-4b53-af2f-88d04e0cd996',
        'c785573d-016b-4b53-af2f-67d04e0cd992', 'c785573d-016b-4b53-af2f-67d04e0cd998',
        'c785573d-016b-4b53-af2f-67d04e0cd596'),
       ('ebad78f5-8fe3-4371-947d-fe01a38c96d6', now(), now(), null,
        'Антон', 40, 'Антонов', 'Антонович', 'PART_TIME', 'c685573d-016b-4b53-af2f-88d04e0cd996',
        'c785573d-016b-4b53-af2f-67d04e0cd992', 'c685573d-016b-4b53-af2f-88d04e0cd993', null),
       ('b461e5d5-ce61-49fe-9624-e6fe9c6d52eb', now(), now(), null,
        'Алексей', 80, 'Алексеев', 'Алексеевич', 'PART_TIME', 'c785573d-016b-4b53-af2f-67d04e0cd996',
        'c785573d-016b-4b53-af2f-67d04e0cd992', 'c785573d-016b-4b53-af2f-67d04e0cd998', null),
       ('1a4682d3-30f6-4625-880f-92fd93b7a1ac', now(), now(), null,
        'Сергей', 60, 'Сергеевич', 'Сергеевич', 'PART_TIME', 'c785573d-016b-4b53-af2f-67d04e0cd996',
        'c785573d-016b-4b53-af2f-67d04e0cd992', 'c685573d-016b-4b53-af2f-88d04e0cd993', null)
ON CONFLICT DO NOTHING;


INSERT INTO public.teachers_discipline_groups (teacher_id, discipline_group_id)
VALUES ('8895d062-6a50-4639-a3f4-9d192b01fbae', '26da3d4b-f9f8-483f-ad66-294509f041ad'),
       ('8895d062-6a50-4639-a3f4-9d192b01fbae', '4a6a0b5d-7995-4f2d-8f87-3a8c548caaab'),
       ('fa6ec145-533e-4f90-93c9-cab78499272c', '26da3d4b-f9f8-483f-ad66-294509f041ad'),
       ('fa6ec145-533e-4f90-93c9-cab78499272c', '4a6a0b5d-7995-4f2d-8f87-3a8c548caaab'),
       ('ebad78f5-8fe3-4371-947d-fe01a38c96d6', 'd812a820-8407-4fb8-a97a-0a72f67130a3'),
       ('b461e5d5-ce61-49fe-9624-e6fe9c6d52eb', '26da3d4b-f9f8-483f-ad66-294509f041ad'),
       ('1a4682d3-30f6-4625-880f-92fd93b7a1ac', '26da3d4b-f9f8-483f-ad66-294509f041ad'),
       ('1a4682d3-30f6-4625-880f-92fd93b7a1ac', '4a6a0b5d-7995-4f2d-8f87-3a8c548caaab')
ON CONFLICT DO NOTHING;

INSERT INTO public.wing (id, created_when, updated_when, name, plan_image, floor_id)
VALUES ('d1aa498a-65ea-4060-9a8e-cc9f075fe050', null, '2022-07-28 22:02:04.359905', 'Крыло 1',
        '/9j/4AAQSkZJRgABAQEBLAEsAAD/4RF4RXhpZgAATU0AKgAAAAgABgEOAAIAAAAtAAAIYgE7AAIAAAASAAAIkIdpAAQAAAABAAAIopybAAEAAAAyAAARGpydAAEAAAAkAAARTOocAAcAAAgMAAAAVgAAAAAc6gAAAAgAAAAAAAAAAAAAAAAAAAAAAAAAAAAAAAAAAAAAAAAAAAAAAAAAAAAAAAAAAAAAAAAAAAAAAAAAAAAAAAAAAAAAAAAAAAAAAAAAAAAAAAAAAAAAAAAAAAAAAAAAAAAAAAAAAAAAAAAAAAAAAAAAAAAAAAAAAAAAAAAAAAAAAAAAAAAAAAAAAAAAAAAAAAAAAAAAAAAAAAAAAAAAAAAAAAAAAAAAAAAAAAAAAAAAAAAAAAAAAAAAAAAAAAAAAAAAAAAAAAAAAAAAAAAAAAAAAAAAAAAAAAAAAAAAAAAAAAAAAAAAAAAAAAAAAAAAAAAAAAAAAAAAAAAAAAAAAAAAAAAAAAAAAAAAAAAAAAAAAAAAAAAAAAAAAAAAAAAAAAAAAAAAAAAAAAAAAAAAAAAAAAAAAAAAAAAAAAAAAAAAAAAAAAAAAAAAAAAAAAAAAAAAAAAAAAAAAAAAAAAAAAAAAAAAAAAAAAAAAAAAAAAAAAAAAAAAAAAAAAAAAAAAAAAAAAAAAAAAAAAAAAAAAAAAAAAAAAAAAAAAAAAAAAAAAAAAAAAAAAAAAAAAAAAAAAAAAAAAAAAAAAAAAAAAAAAAAAAAAAAAAAAAAAAAAAAAAAAAAAAAAAAAAAAAAAAAAAAAAAAAAAAAAAAAAAAAAAAAAAAAAAAAAAAAAAAAAAAAAAAAAAAAAAAAAAAAAAAAAAAAAAAAAAAAAAAAAAAAAAAAAAAAAAAAAAAAAAAAAAAAAAAAAAAAAAAAAAAAAAAAAAAAAAAAAAAAAAAAAAAAAAAAAAAAAAAAAAAAAAAAAAAAAAAAAAAAAAAAAAAAAAAAAAAAAAAAAAAAAAAAAAAAAAAAAAAAAAAAAAAAAAAAAAAAAAAAAAAAAAAAAAAAAAAAAAAAAAAAAAAAAAAAAAAAAAAAAAAAAAAAAAAAAAAAAAAAAAAAAAAAAAAAAAAAAAAAAAAAAAAAAAAAAAAAAAAAAAAAAAAAAAAAAAAAAAAAAAAAAAAAAAAAAAAAAAAAAAAAAAAAAAAAAAAAAAAAAAAAAAAAAAAAAAAAAAAAAAAAAAAAAAAAAAAAAAAAAAAAAAAAAAAAAAAAAAAAAAAAAAAAAAAAAAAAAAAAAAAAAAAAAAAAAAAAAAAAAAAAAAAAAAAAAAAAAAAAAAAAAAAAAAAAAAAAAAAAAAAAAAAAAAAAAAAAAAAAAAAAAAAAAAAAAAAAAAAAAAAAAAAAAAAAAAAAAAAAAAAAAAAAAAAAAAAAAAAAAAAAAAAAAAAAAAAAAAAAAAAAAAAAAAAAAAAAAAAAAAAAAAAAAAAAAAAAAAAAAAAAAAAAAAAAAAAAAAAAAAAAAAAAAAAAAAAAAAAAAAAAAAAAAAAAAAAAAAAAAAAAAAAAAAAAAAAAAAAAAAAAAAAAAAAAAAAAAAAAAAAAAAAAAAAAAAAAAAAAAAAAAAAAAAAAAAAAAAAAAAAAAAAAAAAAAAAAAAAAAAAAAAAAAAAAAAAAAAAAAAAAAAAAAAAAAAAAAAAAAAAAAAAAAAAAAAAAAAAAAAAAAAAAAAAAAAAAAAAAAAAAAAAAAAAAAAAAAAAAAAAAAAAAAAAAAAAAAAAAAAAAAAAAAAAAAAAAAAAAAAAAAAAAAAAAAAAAAAAAAAAAAAAAAAAAAAAAAAAAAAAAAAAAAAAAAAAAAAAAAAAAAAAAAAAAAAAAAAAAAAAAAAAAAAAAAAAAAAAAAAAAAAAAAAAAAAAAAAAAAAAAAAAAAAAAAAAAAAAAAAAAAAAAAAAAAAAAAAAAAAAAAAAAAAAAAAAAAAAAAAAAAAAAAAAAAAAAAAAAAAAAAAAAAAAAAAAAAAAAAAAAAAAAAAAAAAAAAAAAAAAAAAAAAAAAAAAAAAAAAAAAAAAAAAAAAAAAAAAAAAAAAAAAAAAAAAAAAAAAAAAAAAAAAAAAAAAAAAAAAAAAAAAAAAAAAAAAAAAAAAAAAAAAAAAAAAAAAAAAAAAAAAAAAAAAAAAAAAAAAAAAAAAAAAAAAAAAAAAAAAAAAAAAAAAAAAAAAAAAAAAAAAAAAAAAAAAAAAAAAAAAAAAAAAAAAAAAAAAAAAAAAAAAAAAAAAAAAAAAAAAAAAAAAAAAAAAAAAAAAAAAAAAAAAAAAAAAAAAAAAAAAAAAAAAAAAAAAAAAAAAAAAAAAAAAAAAAAAAAAAAAAAAAAAAAAAAAAAAAAAAAAAAAAAAAAAAAAAAAAAAAAAAAAAAAAAAAAAAAAAAAAAAAAAAAAAAAAAAAAAAAAAAAAAAAAAAAAAAAAAAAAAAAAAAAAAAAAAAAAAAAAAAAAAAAAAAAAAAAAAAAAAAAAAAAAAAAAAAAAAAAAAAAAAAAAAAAAAAAAAAAAAAAAAAAAAAAAAAAAAAAAAAAAAAAAAAAAAAAAAAAAAAAAAAAAAAAAAAAAAAAAAAAAAAAAAAAAAAAAAAAAAAAAAAAAAAAAAAAAAAAAAAAAAAAAAAAAAAAAAAAAAAAAAAAAAAAAAAAAAAAAAAAAAAAAAAAAAAAAAAAAAAAAAAAAAAAAAAAAAAAAAAAAAAAAAAAAAAAAAAAAAAAAAAAAAAAAAAAAAAAAAAAAAAAAAAAAAAAAAAAAAAAAAAAAAAAAAAAAAAAAAAAAAAAAAAAAAAAAAAAAAAAAAAAAAAAAAAAAAAAAAAAAAAAAAAAAAAAAAAAAAAAAAAAAAAAAAAAAAAAAAAAAAAAAAAAAAAAAAAAAAAAAAAAAAAAAAAAAAAAANCf0LvQsNC9INGN0LLQsNC60YPQsNGG0LjQuCAtINC+0LHRgNCw0LfQtdGGAABvcmlnaW5hbC1tYWtldC5ieQAABZADAAIAAAAUAAAQ8JAEAAIAAAAUAAARBJKRAAIAAAADMjUAAJKSAAIAAAADMjUAAOocAAcAAAgMAAAI5AAAAAAc6gAAAAgAAAAAAAAAAAAAAAAAAAAAAAAAAAAAAAAAAAAAAAAAAAAAAAAAAAAAAAAAAAAAAAAAAAAAAAAAAAAAAAAAAAAAAAAAAAAAAAAAAAAAAAAAAAAAAAAAAAAAAAAAAAAAAAAAAAAAAAAAAAAAAAAAAAAAAAAAAAAAAAAAAAAAAAAAAAAAAAAAAAAAAAAAAAAAAAAAAAAAAAAAAAAAAAAAAAAAAAAAAAAAAAAAAAAAAAAAAAAAAAAAAAAAAAAAAAAAAAAAAAAAAAAAAAAAAAAAAAAAAAAAAAAAAAAAAAAAAAAAAAAAAAAAAAAAAAAAAAAAAAAAAAAAAAAAAAAAAAAAAAAAAAAAAAAAAAAAAAAAAAAAAAAAAAAAAAAAAAAAAAAAAAAAAAAAAAAAAAAAAAAAAAAAAAAAAAAAAAAAAAAAAAAAAAAAAAAAAAAAAAAAAAAAAAAAAAAAAAAAAAAAAAAAAAAAAAAAAAAAAAAAAAAAAAAAAAAAAAAAAAAAAAAAAAAAAAAAAAAAAAAAAAAAAAAAAAAAAAAAAAAAAAAAAAAAAAAAAAAAAAAAAAAAAAAAAAAAAAAAAAAAAAAAAAAAAAAAAAAAAAAAAAAAAAAAAAAAAAAAAAAAAAAAAAAAAAAAAAAAAAAAAAAAAAAAAAAAAAAAAAAAAAAAAAAAAAAAAAAAAAAAAAAAAAAAAAAAAAAAAAAAAAAAAAAAAAAAAAAAAAAAAAAAAAAAAAAAAAAAAAAAAAAAAAAAAAAAAAAAAAAAAAAAAAAAAAAAAAAAAAAAAAAAAAAAAAAAAAAAAAAAAAAAAAAAAAAAAAAAAAAAAAAAAAAAAAAAAAAAAAAAAAAAAAAAAAAAAAAAAAAAAAAAAAAAAAAAAAAAAAAAAAAAAAAAAAAAAAAAAAAAAAAAAAAAAAAAAAAAAAAAAAAAAAAAAAAAAAAAAAAAAAAAAAAAAAAAAAAAAAAAAAAAAAAAAAAAAAAAAAAAAAAAAAAAAAAAAAAAAAAAAAAAAAAAAAAAAAAAAAAAAAAAAAAAAAAAAAAAAAAAAAAAAAAAAAAAAAAAAAAAAAAAAAAAAAAAAAAAAAAAAAAAAAAAAAAAAAAAAAAAAAAAAAAAAAAAAAAAAAAAAAAAAAAAAAAAAAAAAAAAAAAAAAAAAAAAAAAAAAAAAAAAAAAAAAAAAAAAAAAAAAAAAAAAAAAAAAAAAAAAAAAAAAAAAAAAAAAAAAAAAAAAAAAAAAAAAAAAAAAAAAAAAAAAAAAAAAAAAAAAAAAAAAAAAAAAAAAAAAAAAAAAAAAAAAAAAAAAAAAAAAAAAAAAAAAAAAAAAAAAAAAAAAAAAAAAAAAAAAAAAAAAAAAAAAAAAAAAAAAAAAAAAAAAAAAAAAAAAAAAAAAAAAAAAAAAAAAAAAAAAAAAAAAAAAAAAAAAAAAAAAAAAAAAAAAAAAAAAAAAAAAAAAAAAAAAAAAAAAAAAAAAAAAAAAAAAAAAAAAAAAAAAAAAAAAAAAAAAAAAAAAAAAAAAAAAAAAAAAAAAAAAAAAAAAAAAAAAAAAAAAAAAAAAAAAAAAAAAAAAAAAAAAAAAAAAAAAAAAAAAAAAAAAAAAAAAAAAAAAAAAAAAAAAAAAAAAAAAAAAAAAAAAAAAAAAAAAAAAAAAAAAAAAAAAAAAAAAAAAAAAAAAAAAAAAAAAAAAAAAAAAAAAAAAAAAAAAAAAAAAAAAAAAAAAAAAAAAAAAAAAAAAAAAAAAAAAAAAAAAAAAAAAAAAAAAAAAAAAAAAAAAAAAAAAAAAAAAAAAAAAAAAAAAAAAAAAAAAAAAAAAAAAAAAAAAAAAAAAAAAAAAAAAAAAAAAAAAAAAAAAAAAAAAAAAAAAAAAAAAAAAAAAAAAAAAAAAAAAAAAAAAAAAAAAAAAAAAAAAAAAAAAAAAAAAAAAAAAAAAAAAAAAAAAAAAAAAAAAAAAAAAAAAAAAAAAAAAAAAAAAAAAAAAAAAAAAAAAAAAAAAAAAAAAAAAAAAAAAAAAAAAAAAAAAAAAAAAAAAAAAAAAAAAAAAAAAAAAAAAAAAAAAAAAAAAAAAAAAAAAAAAAAAAAAAAAAAAAAAAAAAAAAAAAAAAAAAAAAAAAAAAAAAAAAAAAAAAAAAAAAAAAAAAAAAAAAAAAAAAAAAAAAAAAAAAAAAAAAAAAAAAAAAAAAAAAAAAAAAAAAAAAAAAAAAAAAAAAAAAAAAAAAAAAAAAAAAAAAAAAAAAAAAAAAAAAAAAAAAAAAAAAAAAAAAAAAAAAAAAAAAAAAAAAAAAAAAAAAAAAAAAAAAAAAAAAAAAAAAAAAAAAAAAAAAAAAAAAAAAAAAAAAAAAAAAAAAAAAAAAAAAAAAAAAAAAAAAAAAAAAAAAAAAAAAAAAAAAAAAAAAAAAAAAAAAAAAAAAAAAAAAAAAAAAAAAAAAAAAAAAAAAAAAAAAAAAAAAAAAAAAAAAAAAAAAAAAAAAAAAAAAAAAAAAAAAAAAAAAAAAAAAAAAAAAAAAAAAAAAAAAAAAAAAAAAAAAAAAAAAAAAAAAAAAAAAAAAAAAAAAAAAAAAAAAAAAAAAAAAAAAAAAAAAAAAAAAAAAAAAAAAAAAAAAAAAAAAAAAAAAAAAAAAAAAAAAAAAAAAAAAAAAAAAAAAAAAAAAAAAAAAAAAAAAAAAAAAAAAAAAAAAAAAAAAAAAAAAAAAAAAAAAAAAAAAAAAAAAAAAAAAAAAAAAAAAAAAAAAAAAAAAAAAAAAAAAAAADIwMTg6MDQ6MTQgMDM6MTM6MjMAMjAxODowNDoxNCAwMzoxMzoyMwAAAB8EOwQwBD0EIABNBDIEMAQ6BEMEMARGBDgEOAQgAC0AIAA+BDEEQAQwBDcENQRGBAAAbwByAGkAZwBpAG4AYQBsAC0AbQBhAGsAZQB0AC4AYgB5AAAA/+IMWElDQ19QUk9GSUxFAAEBAAAMSExpbm8CEAAAbW50clJHQiBYWVogB84AAgAJAAYAMQAAYWNzcE1TRlQAAAAASUVDIHNSR0IAAAAAAAAAAAAAAAAAAPbWAAEAAAAA0y1IUCAgAAAAAAAAAAAAAAAAAAAAAAAAAAAAAAAAAAAAAAAAAAAAAAAAAAAAAAAAAAAAAAARY3BydAAAAVAAAAAzZGVzYwAAAYQAAABsd3RwdAAAAfAAAAAUYmtwdAAAAgQAAAAUclhZWgAAAhgAAAAUZ1hZWgAAAiwAAAAUYlhZWgAAAkAAAAAUZG1uZAAAAlQAAABwZG1kZAAAAsQAAACIdnVlZAAAA0wAAACGdmlldwAAA9QAAAAkbHVtaQAAA/gAAAAUbWVhcwAABAwAAAAkdGVjaAAABDAAAAAMclRSQwAABDwAAAgMZ1RSQwAABDwAAAgMYlRSQwAABDwAAAgMdGV4dAAAAABDb3B5cmlnaHQgKGMpIDE5OTggSGV3bGV0dC1QYWNrYXJkIENvbXBhbnkAAGRlc2MAAAAAAAAAEnNSR0IgSUVDNjE5NjYtMi4xAAAAAAAAAAAAAAASc1JHQiBJRUM2MTk2Ni0yLjEAAAAAAAAAAAAAAAAAAAAAAAAAAAAAAAAAAAAAAAAAAAAAAAAAAAAAAAAAAAAAAAAAAFhZWiAAAAAAAADzUQABAAAAARbMWFlaIAAAAAAAAAAAAAAAAAAAAABYWVogAAAAAAAAb6IAADj1AAADkFhZWiAAAAAAAABimQAAt4UAABjaWFlaIAAAAAAAACSgAAAPhAAAts9kZXNjAAAAAAAAABZJRUMgaHR0cDovL3d3dy5pZWMuY2gAAAAAAAAAAAAAABZJRUMgaHR0cDovL3d3dy5pZWMuY2gAAAAAAAAAAAAAAAAAAAAAAAAAAAAAAAAAAAAAAAAAAAAAAAAAAAAAAAAAAAAAZGVzYwAAAAAAAAAuSUVDIDYxOTY2LTIuMSBEZWZhdWx0IFJHQiBjb2xvdXIgc3BhY2UgLSBzUkdCAAAAAAAAAAAAAAAuSUVDIDYxOTY2LTIuMSBEZWZhdWx0IFJHQiBjb2xvdXIgc3BhY2UgLSBzUkdCAAAAAAAAAAAAAAAAAAAAAAAAAAAAAGRlc2MAAAAAAAAALFJlZmVyZW5jZSBWaWV3aW5nIENvbmRpdGlvbiBpbiBJRUM2MTk2Ni0yLjEAAAAAAAAAAAAAACxSZWZlcmVuY2UgVmlld2luZyBDb25kaXRpb24gaW4gSUVDNjE5NjYtMi4xAAAAAAAAAAAAAAAAAAAAAAAAAAAAAAAAAAB2aWV3AAAAAAATpP4AFF8uABDPFAAD7cwABBMLAANcngAAAAFYWVogAAAAAABMCVYAUAAAAFcf521lYXMAAAAAAAAAAQAAAAAAAAAAAAAAAAAAAAAAAAKPAAAAAnNpZyAAAAAAQ1JUIGN1cnYAAAAAAAAEAAAAAAUACgAPABQAGQAeACMAKAAtADIANwA7AEAARQBKAE8AVABZAF4AYwBoAG0AcgB3AHwAgQCGAIsAkACVAJoAnwCkAKkArgCyALcAvADBAMYAywDQANUA2wDgAOUA6wDwAPYA+wEBAQcBDQETARkBHwElASsBMgE4AT4BRQFMAVIBWQFgAWcBbgF1AXwBgwGLAZIBmgGhAakBsQG5AcEByQHRAdkB4QHpAfIB+gIDAgwCFAIdAiYCLwI4AkECSwJUAl0CZwJxAnoChAKOApgCogKsArYCwQLLAtUC4ALrAvUDAAMLAxYDIQMtAzgDQwNPA1oDZgNyA34DigOWA6IDrgO6A8cD0wPgA+wD+QQGBBMEIAQtBDsESARVBGMEcQR+BIwEmgSoBLYExATTBOEE8AT+BQ0FHAUrBToFSQVYBWcFdwWGBZYFpgW1BcUF1QXlBfYGBgYWBicGNwZIBlkGagZ7BowGnQavBsAG0QbjBvUHBwcZBysHPQdPB2EHdAeGB5kHrAe/B9IH5Qf4CAsIHwgyCEYIWghuCIIIlgiqCL4I0gjnCPsJEAklCToJTwlkCXkJjwmkCboJzwnlCfsKEQonCj0KVApqCoEKmAquCsUK3ArzCwsLIgs5C1ELaQuAC5gLsAvIC+EL+QwSDCoMQwxcDHUMjgynDMAM2QzzDQ0NJg1ADVoNdA2ODakNww3eDfgOEw4uDkkOZA5/DpsOtg7SDu4PCQ8lD0EPXg96D5YPsw/PD+wQCRAmEEMQYRB+EJsQuRDXEPURExExEU8RbRGMEaoRyRHoEgcSJhJFEmQShBKjEsMS4xMDEyMTQxNjE4MTpBPFE+UUBhQnFEkUahSLFK0UzhTwFRIVNBVWFXgVmxW9FeAWAxYmFkkWbBaPFrIW1hb6Fx0XQRdlF4kXrhfSF/cYGxhAGGUYihivGNUY+hkgGUUZaxmRGbcZ3RoEGioaURp3Gp4axRrsGxQbOxtjG4obshvaHAIcKhxSHHscoxzMHPUdHh1HHXAdmR3DHeweFh5AHmoelB6+HukfEx8+H2kflB+/H+ogFSBBIGwgmCDEIPAhHCFIIXUhoSHOIfsiJyJVIoIiryLdIwojOCNmI5QjwiPwJB8kTSR8JKsk2iUJJTglaCWXJccl9yYnJlcmhya3JugnGCdJJ3onqyfcKA0oPyhxKKIo1CkGKTgpaymdKdAqAio1KmgqmyrPKwIrNitpK50r0SwFLDksbiyiLNctDC1BLXYtqy3hLhYuTC6CLrcu7i8kL1ovkS/HL/4wNTBsMKQw2zESMUoxgjG6MfIyKjJjMpsy1DMNM0YzfzO4M/E0KzRlNJ402DUTNU01hzXCNf02NzZyNq426TckN2A3nDfXOBQ4UDiMOMg5BTlCOX85vDn5OjY6dDqyOu87LTtrO6o76DwnPGU8pDzjPSI9YT2hPeA+ID5gPqA+4D8hP2E/oj/iQCNAZECmQOdBKUFqQaxB7kIwQnJCtUL3QzpDfUPARANER0SKRM5FEkVVRZpF3kYiRmdGq0bwRzVHe0fASAVIS0iRSNdJHUljSalJ8Eo3Sn1KxEsMS1NLmkviTCpMcky6TQJNSk2TTdxOJU5uTrdPAE9JT5NP3VAnUHFQu1EGUVBRm1HmUjFSfFLHUxNTX1OqU/ZUQlSPVNtVKFV1VcJWD1ZcVqlW91dEV5JX4FgvWH1Yy1kaWWlZuFoHWlZaplr1W0VblVvlXDVchlzWXSddeF3JXhpebF69Xw9fYV+zYAVgV2CqYPxhT2GiYfViSWKcYvBjQ2OXY+tkQGSUZOllPWWSZedmPWaSZuhnPWeTZ+loP2iWaOxpQ2maafFqSGqfavdrT2una/9sV2yvbQhtYG25bhJua27Ebx5veG/RcCtwhnDgcTpxlXHwcktypnMBc11zuHQUdHB0zHUodYV14XY+dpt2+HdWd7N4EXhueMx5KnmJeed6RnqlewR7Y3vCfCF8gXzhfUF9oX4BfmJ+wn8jf4R/5YBHgKiBCoFrgc2CMIKSgvSDV4O6hB2EgITjhUeFq4YOhnKG14c7h5+IBIhpiM6JM4mZif6KZIrKizCLlov8jGOMyo0xjZiN/45mjs6PNo+ekAaQbpDWkT+RqJIRknqS45NNk7aUIJSKlPSVX5XJljSWn5cKl3WX4JhMmLiZJJmQmfyaaJrVm0Kbr5wcnImc951kndKeQJ6unx2fi5/6oGmg2KFHobaiJqKWowajdqPmpFakx6U4pammGqaLpv2nbqfgqFKoxKk3qamqHKqPqwKrdavprFys0K1ErbiuLa6hrxavi7AAsHWw6rFgsdayS7LCszizrrQltJy1E7WKtgG2ebbwt2i34LhZuNG5SrnCuju6tbsuu6e8IbybvRW9j74KvoS+/796v/XAcMDswWfB48JfwtvDWMPUxFHEzsVLxcjGRsbDx0HHv8g9yLzJOsm5yjjKt8s2y7bMNcy1zTXNtc42zrbPN8+40DnQutE80b7SP9LB00TTxtRJ1MvVTtXR1lXW2Ndc1+DYZNjo2WzZ8dp22vvbgNwF3IrdEN2W3hzeot8p36/gNuC94UThzOJT4tvjY+Pr5HPk/OWE5g3mlucf56noMui86Ubp0Opb6uXrcOv77IbtEe2c7ijutO9A78zwWPDl8XLx//KM8xnzp/Q09ML1UPXe9m32+/eK+Bn4qPk4+cf6V/rn+3f8B/yY/Sn9uv5L/tz/bf///+EMnmh0dHA6Ly9ucy5hZG9iZS5jb20veGFwLzEuMC8APD94cGFja2V0IGJlZ2luPSfvu78nIGlkPSdXNU0wTXBDZWhpSHpyZVN6TlRjemtjOWQnPz4NCjx4OnhtcG1ldGEgeG1sbnM6eD0iYWRvYmU6bnM6bWV0YS8iPjxyZGY6UkRGIHhtbG5zOnJkZj0iaHR0cDovL3d3dy53My5vcmcvMTk5OS8wMi8yMi1yZGYtc3ludGF4LW5zIyI+PHJkZjpEZXNjcmlwdGlvbiByZGY6YWJvdXQ9InV1aWQ6ZmFmNWJkZDUtYmEzZC0xMWRhLWFkMzEtZDMzZDc1MTgyZjFiIiB4bWxuczpkYz0iaHR0cDovL3B1cmwub3JnL2RjL2VsZW1lbnRzLzEuMS8iLz48cmRmOkRlc2NyaXB0aW9uIHJkZjphYm91dD0idXVpZDpmYWY1YmRkNS1iYTNkLTExZGEtYWQzMS1kMzNkNzUxODJmMWIiIHhtbG5zOnhtcD0iaHR0cDovL25zLmFkb2JlLmNvbS94YXAvMS4wLyI+PHhtcDpDcmVhdGVEYXRlPjIwMTgtMDQtMTRUMDM6MTM6MjMuMjQ5PC94bXA6Q3JlYXRlRGF0ZT48L3JkZjpEZXNjcmlwdGlvbj48cmRmOkRlc2NyaXB0aW9uIHJkZjphYm91dD0idXVpZDpmYWY1YmRkNS1iYTNkLTExZGEtYWQzMS1kMzNkNzUxODJmMWIiIHhtbG5zOmRjPSJodHRwOi8vcHVybC5vcmcvZGMvZWxlbWVudHMvMS4xLyI+PGRjOmNyZWF0b3I+PHJkZjpTZXEgeG1sbnM6cmRmPSJodHRwOi8vd3d3LnczLm9yZy8xOTk5LzAyLzIyLXJkZi1zeW50YXgtbnMjIj48cmRmOmxpPm9yaWdpbmFsLW1ha2V0LmJ5PC9yZGY6bGk+PC9yZGY6U2VxPg0KCQkJPC9kYzpjcmVhdG9yPjxkYzp0aXRsZT48cmRmOkFsdCB4bWxuczpyZGY9Imh0dHA6Ly93d3cudzMub3JnLzE5OTkvMDIvMjItcmRmLXN5bnRheC1ucyMiPjxyZGY6bGkgeG1sOmxhbmc9IngtZGVmYXVsdCI+0J/Qu9Cw0L0g0Y3QstCw0LrRg9Cw0YbQuNC4IC0g0L7QsdGA0LDQt9C10YY8L3JkZjpsaT48L3JkZjpBbHQ+DQoJCQk8L2RjOnRpdGxlPjxkYzpkZXNjcmlwdGlvbj48cmRmOkFsdCB4bWxuczpyZGY9Imh0dHA6Ly93d3cudzMub3JnLzE5OTkvMDIvMjItcmRmLXN5bnRheC1ucyMiPjxyZGY6bGkgeG1sOmxhbmc9IngtZGVmYXVsdCI+0J/Qu9Cw0L0g0Y3QstCw0LrRg9Cw0YbQuNC4IC0g0L7QsdGA0LDQt9C10YY8L3JkZjpsaT48L3JkZjpBbHQ+DQoJCQk8L2RjOmRlc2NyaXB0aW9uPjwvcmRmOkRlc2NyaXB0aW9uPjwvcmRmOlJERj48L3g6eG1wbWV0YT4NCiAgICAgICAgICAgICAgICAgICAgICAgICAgICAgICAgICAgICAgICAgICAgICAgICAgICAgICAgICAgICAgICAgICAgICAgICAgICAgICAgICAgICAgICAgICAgICAgICAgICAKICAgICAgICAgICAgICAgICAgICAgICAgICAgICAgICAgICAgICAgICAgICAgICAgICAgICAgICAgICAgICAgICAgICAgICAgICAgICAgICAgICAgICAgICAgICAgICAgICAgIAogICAgICAgICAgICAgICAgICAgICAgICAgICAgICAgICAgICAgICAgICAgICAgICAgICAgICAgICAgICAgICAgICAgICAgICAgICAgICAgICAgICAgICAgICAgICAgICAgICAgCiAgICAgICAgICAgICAgICAgICAgICAgICAgICAgICAgICAgICAgICAgICAgICAgICAgICAgICAgICAgICAgICAgICAgICAgICAgICAgICAgICAgICAgICAgICAgICAgICAgICAKICAgICAgICAgICAgICAgICAgICAgICAgICAgICAgICAgICAgICAgICAgICAgICAgICAgICAgICAgICAgICAgICAgICAgICAgICAgICAgICAgICAgICAgICAgICAgICAgICAgIAogICAgICAgICAgICAgICAgICAgICAgICAgICAgICAgICAgICAgICAgICAgICAgICAgICAgICAgICAgICAgICAgICAgICAgICAgICAgICAgICAgICAgICAgICAgICAgICAgICAgCiAgICAgICAgICAgICAgICAgICAgICAgICAgICAgICAgICAgICAgICAgICAgICAgICAgICAgICAgICAgICAgICAgICAgICAgICAgICAgICAgICAgICAgICAgICAgICAgICAgICAKICAgICAgICAgICAgICAgICAgICAgICAgICAgICAgICAgICAgICAgICAgICAgICAgICAgICAgICAgICAgICAgICAgICAgICAgICAgICAgICAgICAgICAgICAgICAgICAgICAgIAogICAgICAgICAgICAgICAgICAgICAgICAgICAgICAgICAgICAgICAgICAgICAgICAgICAgICAgICAgICAgICAgICAgICAgICAgICAgICAgICAgICAgICAgICAgICAgICAgICAgCiAgICAgICAgICAgICAgICAgICAgICAgICAgICAgICAgICAgICAgICAgICAgICAgICAgICAgICAgICAgICAgICAgICAgICAgICAgICAgICAgICAgICAgICAgICAgICAgICAgICAKICAgICAgICAgICAgICAgICAgICAgICAgICAgICAgICAgICAgICAgICAgICAgICAgICAgICAgICAgICAgICAgICAgICAgICAgICAgICAgICAgICAgICAgICAgICAgICAgICAgIAogICAgICAgICAgICAgICAgICAgICAgICAgICAgICAgICAgICAgICAgICAgICAgICAgICAgICAgICAgICAgICAgICAgICAgICAgICAgICAgICAgICAgICAgICAgICAgICAgICAgCiAgICAgICAgICAgICAgICAgICAgICAgICAgICAgICAgICAgICAgICAgICAgICAgICAgICAgICAgICAgICAgICAgICAgICAgICAgICAgICAgICAgICAgICAgICAgICAgICAgICAKICAgICAgICAgICAgICAgICAgICAgICAgICAgICAgICAgICAgICAgICAgICAgICAgICAgICAgICAgICAgICAgICAgICAgICAgICAgICAgICAgICAgICAgICAgICAgICAgICAgIAogICAgICAgICAgICAgICAgICAgICAgICAgICAgICAgICAgICAgICAgICAgICAgICAgICAgICAgICAgICAgICAgICAgICAgICAgICAgICAgICAgICAgICAgICAgICAgICAgICAgCiAgICAgICAgICAgICAgICAgICAgICAgICAgICAgICAgICAgICAgICAgICAgICAgICAgICAgICAgICAgICAgICAgICAgICAgICAgICAgICAgICAgICAgICAgICAgICAgICAgICAKICAgICAgICAgICAgICAgICAgICAgICAgICAgICAgICAgICAgICAgICAgICAgICAgICAgICAgICAgICAgICAgICAgICAgICAgICAgICAgICAgICAgICAgICAgICAgICAgICAgIAogICAgICAgICAgICAgICAgICAgICAgICAgICAgICAgICAgICAgICAgICAgICAgICAgICAgICAgICAgICAgICAgICAgICAgICAgICAgICAgICAgICAgICAgICAgICAgICAgICAgCiAgICAgICAgICAgICAgICAgICAgICAgICAgICAgICAgICAgICAgICAgICAgICAgICAgICAgICAgICAgICAgICAgICAgICAgICAgICAgICAgICAgICAgICAgICAgICAgICAgICAKICAgICAgICAgICAgICAgICAgICAgICAgICAgICAgICAgICAgICAgICAgICAgICAgICAgICAgICAgICAgICAgICAgICAgICAgICAgICAgICAgICAgICAgICAgICAgICAgICAgIAogICAgICAgICAgICAgICAgICAgICAgICAgICAgPD94cGFja2V0IGVuZD0ndyc/Pv/bAEMAAwICAgICAwICAgMDAwMEBgQEBAQECAYGBQYJCAoKCQgJCQoMDwwKCw4LCQkNEQ0ODxAQERAKDBITEhATDxAQEP/bAEMBAwMDBAMECAQECBALCQsQEBAQEBAQEBAQEBAQEBAQEBAQEBAQEBAQEBAQEBAQEBAQEBAQEBAQEBAQEBAQEBAQEP/AABEIAooDIAMBIgACEQEDEQH/xAAdAAEAAQUBAQEAAAAAAAAAAAAACQEFBgcIBAID/8QAcRAAAAUDAQIFCwsOCAcNBwQDAAECAwQFBhEHEiEICRMxURQWIjZBVmF1lbPSFRgyVXF2kZa009QXGSM3ODlTV3J0gZKTlDNCUlRisbXRJDQ1c4Ky1SUmQ0RFRmVmocHCw8QnR2Nkg4ajhaKk8CiE5P/EAB0BAQABBQEBAQAAAAAAAAAAAAAFAgMEBgcBCAn/xABLEQACAQIEAQUIDwYFBQEBAAAAAQIDEQQFEiExBhNBUYEHFCIyYXGhwRUWFzRCUlRicpGisbLR4TM1NlNk4iOCwtLwJESSk/E3c//aAAwDAQACEQMRAD8Akes+xbKdtOiuOWhRFKVToxmZ09kzM+ST/RF36wrH7zaH5OZ9EfrZnahQ/FsXzSReQBYesKx+82h+TmfRDrCsfvNofk5n0RfgAFh6wrH7zaH5OZ9EOsKx+82h+TmfRF+AAWHrCsfvNofk5n0Q6wrH7zaH5OZ9EX4ABYesKx+82h+TmfRDrCsfvNofk5n0RfgAFh6wrH7zaH5OZ9EOsKx+82h+TmfRF+AAWHrCsfvNofk5n0Q6wrH7zaH5OZ9EX4ABYesKx+82h+TmfRDrCsfvNofk5n0RfgAFh6wrH7zaH5OZ9EOsKx+82h+TmfRF+AAWHrCsfvNofk5n0Q6wrH7zaH5OZ9EX4ABYesKx+82h+TmfRDrCsfvNofk5n0RfgAFh6wrH7zaH5OZ9EOsKx+82h+TmfRF+AAWHrCsfvNofk5n0Q6wrH7zaH5OZ9EX4ABYesKx+82h+TmfRDrCsfvNofk5n0RfgAFh6wrH7zaH5OZ9EOsKx+82h+TmfRF+AAWHrCsfvNofk5n0Q6wrH7zaH5OZ9EX4UAFi6wrH7zaH5OZ9EOsKx+82h+TmfRF9yGQBYusKx+82h+TmfRDrCsfvNofk5n0RfgAFh6wrH7zaH5OZ9EOsKx+82h+TmfRF+AAWHrCsfvNofk5n0Q6wrH7zaH5OZ9EX4ABYesKx+82h+TmfRDrCsfvNofk5n0RfgAFh6wrH7zaH5OZ9EOsKx+82h+TmfRF+AAWHrCsfvNofk5n0Q6wrH7zaH5OZ9EX4ABYesKx+82h+TmfRDrCsfvNofk5n0RfgAFh6wrH7zaH5OZ9EOsKx+82h+TmfRF+AAWHrCsfvNofk5n0Q6wrH7zaH5OZ9EX4ABYesKx+82h+TmfRDrCsfvNofk5n0RfgAFh6wrH7zaH5OZ9EOsKx+82h+TmfRF+AAWHrCsfvNofk5n0Q6wrH7zaH5OZ9EX4ABYesKx+82h+TmfRDrCsfvNofk5n0RfgAFh6wrH7zaH5OZ9EOsKx+82h+TmfRF+AAWHrCsfvNofk5n0Q6wrH7zaH5OZ9EX4ABYesKx+82h+TmfRDrCsfvNofk5n0RfgAFh6wrH7zaH5OZ9EOsKx+82h+TmfRF+AAWHrCsfvNofk5n0Q6wrH7zaH5OZ9EX4ABYesKx+82h+TmfRDrCsfvNofk5n0RfgAFh6wrH7zaH5OZ9EOsKx+82h+TmfRF+AAWHrCsfvNofk5n0Q6wrH7zaH5OZ9EX4ABYesKx+82h+TmfRDrCsfvNofk5n0RfgAFh6wrH7zaH5OZ9EOsKx+82h+TmfRF+AAWHrCsfvNofk5n0Q6wrH7zaH5OZ9EX4ABYesKx+82h+TmfRDrCsfvNofk5n0RfgAFh6wrH7zaH5OZ9EOsKx+82h+TmfRF9MyIsmKbaNnb2i2enO4AWPrCsfvNofk5n0Q6wrH7zaH5OZ9EX4ABYesKx+82h+TmfRDrCsfvNofk5n0RfgAFh6wrH7zaH5OZ9EOsKx+82h+TmfRF+AAWHrCsfvNofk5n0Q6wrH7zaH5OZ9EX4ABYesKx+82h+TmfRDrCsfvNofk5n0RfgAFh6wrH7zaH5OZ9EOsKx+82h+TmfRF+AAWHrCsfvNofk5n0RaLwsWymrTrTjdoURKk06SZGVPZIyPklf0Rmos159qFc8WyvNKACzO1Ch+LYvmki8izWZ2oUPxbF80kXkAAAAAAAAAAAAAAAAAAAAAAAAAAAAAAAAAAAAAAAAAAAAAAAAAAAAARq8aBqxqhp/q5aVOsbUe5bdhyLaXIfYpdUeituOFKcLbUlCiI1bJEWT34ISVCKnjcvty2f70nPlboAwmkWRxk9epMKuUefq3LgVGO3LivouY9l1lxJKQssyCPBpMj3kR7xhOpd48NTR2bDpmpuouplvSqkwuREalXI6pTraVbKlFybqsYUZFvwJidCkpPRLT7JF2q0n5G0I8+NzIi1K0/wX/IE75SgASB8Hip1KtaDad1esVCROnzbXpkiTKkum4686uMhSlrUe9SjMzMzPeZmNg7Sf5RfCNX8HJam+DXpw4g8KTZtLMj6DKIgRY2Vwo+HdqXXXrc081Euq4Kk005JVEgwYbjiWULJKl4NotxGpJfpIATPbSf5RfCHPzCHG/uEDxhmlTUGTqTd1522zUXFtRF1CnQmyfWgiNSU4aPJkRkZ+6O/tMdfqja/Afo2v2pE2VXajFts6jLcMkpdmyTcUhtHYJJKTWs0JyRYIjzjcAOkMlzZICMj5jERlq6ncYdwsJ9XurS+5q4imwH+Tcaos+PS4EZZltEw2pakqdUSTIzypSsGRqMskM14KHDA4Q1p8IGnaD67VafWWapVDoUhmrIbOdTJxkfJmTqCI1pNRJSZKNRGSyUk+kCT4zIucyIVHBvGWa+aw6M1ywo2l1+TreaqsKpOTExmmVk8ptbBIM+UQrGCWrmxzjrfQuu1e59FLCuSvz3JtTqtt0yZMkuEklPPOR21LWZJIiyajM9xEW8AZ1kubJCojT4LHCa14vnhpHpvdmpVRqVslUbhZ9TnWY6W9iOT/ACJZS2Sux2E47Lub8iSwABTJdJDRPDH4RznBr0lcuqk01ufX6pJKnUhl5CjYQ8aTUp57Z/4NCUmeMltKNKclkzKPq2rn4ybWO25WsVnXRfM6iIU46h6ny40Vl8kGe31NFLZ5ZKTIy7FCsmRkWTIwBL4KGZFzmQ4f4AXDYufWmqy9JNW5DEi54sVU2mVNDKWVVBlsyJ1t1CSJJPIySspIiUnayRGkzPWnD/4S+velXCDas/TfUuo0OlO0GBIKIwzHUjl3HHkqVlxtR5PZT3cbgBJXtJ/lF8IqI1a3Z/GyUKkya0u+XZzURpT62YU+mOvKQkto9lBsp2zwXsSPJ9wjMZ/xfPDP1F1vuiraWarvxanUotNOq06qtRkx3XW0OIQ6y8hBEgzLlEKSoiTzKIyPcYA7qMyLnMMlzZIRncJ3hgcILUXhATOD5wa5s6nlTpq6SgqWhsp9SltEfLucq5/BMoMlkRkaSwhSlKwZEWsby1V4wfgqV+kVHUu8bgQioqUqKzV5rFVgTdjG20o0mrZPBlkiUhREeSPugCX8CMj5jyOdb+10rVz8CCra92TJdoNWmWgdXira2VqhSdkiUSTWRkrZWSyIzLeRcw0twC+E7qFdGnWr9/a2XxMr8Oymos1tUhDLZsskxIccSnk0JIzVyaS3534AHeeSzjJARkfMZCN3gtas8NbhMauR9Q3LglxdNY1WdiVeNFVFjRYra46zQyylSTdeW2a2TNWTPODM9+Bb+C1wo9fqXwt29FNcdRp9ahuS6jbbjMtiOhKJ7W0bLpG22k8qNo0lvwZOl4ABJlzc4EZHzHkc08P/AFyuHQ/QdVSsmtqpVyV2qRaZTpTaUKcZLJuvLSlZGk/sbSk7yP2ZDXvBy1/1LtDgb3Rwltb7nqV1PrkyHaNGfQ01ttNqTHZbSbaE4JyRt5UZHhJZ7gA7YyXSQEZHzGIi7R1D4xThVu1W89NLqr50yFINlZUefGpUBlzBK5Bo1KSbqkpNOcqUZZLaPJjP+B9wxNfaNr7B0D11qs2sNVOe9RnCqraCn0uoISo0kbiSLbSakbBkra9klSTxzgSamZFzmRCo4B4yvhB6zaM3dZUHS6/59vR6nSZ0iW3HaYWTriHWyQo+UQrBkSjLdjnHZ2kFYqdwaSWTX6zMXLqFSt2mTJchZESnXnIzalrMiIiyalGe4iLeAMvyR7iMgMyLnMiEaXA24TevOovCzOwb21LqNWt8irn+APMR0o+wmrkt6G0q7HBY3+7kXfjG+Efrho9rLQLd0z1FqFApsu2mpr0aOywtK3zlPoNZm42o87KEluPG4ASLimSPmMhprhKa9wuD/oVUNQ5S23qu7Hbh0eO4f+M1F1H2MjL+SnsnFf0UKHGnF/8ACc171Y4QSbT1G1MqNdpHqDOlHFfYjoQbyFMklf2NtJ7tpW7ON4AkwyRc5kKiNvhk8JXXXTrhawLBsnUio0m33kUI1wGWY6kGb72y7vW2auyLce/3MDqfhpcIhPB30Xn1ylSm03TW1KpdvtqIlGUlRHtPmk+dLKMrPJYNWwR+yAG/CMj5jIxUR4cW/wAIrW3WLVi57f1N1EqFwU+DbhS47EllhBIe6qaRt5bbSedlRlvPG8SHgAAAAAAAAAAAAAAAAAAAAAAAAAAKGWSHMnW9Wmr6j8F0oslVrorBXoiUR5bTbyHeWKmqVnOSqWy2Sc7427mIx04Met+wrWtit1q5KRAcRU7gdS7PkvSnn1r2TUaEJ5RSuTbSa1mTaNlBGtRknJmANA3PqXrlZtE1Rqsy9aHVFWTU6ZRoTce1Vk485MKA5yxoKSo1qQmY4kmk42zJJ7Rcws3rktU3VNWKliT6uO3LMpvqg1Zsgp6KexTmJROKpK3tpK3Fv7CFm5sG2hTmznsR0XXdKrCuSnXFSqzQEvxrsksTKwlMh1tUl5hDKGl7SFEpCkpjs4NBp9gR8+TOynwetJfUtVLTbT6M1IqwU1NUmFUEzSa5Inim8r1QSiay3ucxsGacYPAA1bRdU9fL2lU6iRJNAtKosWtUa1O9U6M44t+RFqK4rWGTfI2GXkIJxaTUpbe0SSPO8WO4OF3d1uJtqqvUJmow7mp9MuREWBCcddgw5NLmPKhyFpUZIXy8ZDiHjSRKY5c9j7Caj2PO4K2ns+7aa+ukMR7VpNsvUCPSokqTGXl6Xy7xrcacSbrbpGonErNXKGozXtZGfs6S6dxpyanHteK3KbqbVYQ4k1lsym4Zw21EWcElEZRtJbxsJSZ4SR7wBpfULU7Wm37fqlTod52pJctKxYtz1R9iiqkRqhKfdf2G2VFILkmjbYUaTyszIyV4B+l36533StVmYFDqsSoUFm8KXa0uHFtyS5GYRJcYacN+qKWhtMtK39omWkrSkiQlW9Rmm+N8DrSf1LuakvsVNcevkbDDLdYnssw4aWEtMRSaRIJDjTWFGglFgiWaSIiIZNTeDlpmw9AqlZpciqVaLJhVN2U7OkpaeqkZLRJqHU5O8kmSo2UGpwk7St5KNWTyBp2j8IfV++aTcMu3n6NRXrDoVQr9SOpUZ426ybU+cyywwZup2GeSgqJb6TX9kWWC7FST6htqtIuO3qZcDUZcdFThsTEtOHlTZONpWST8JbWP0DCarwd9H6zEhwJ1oIOPCbkMJbZmSGUvMPvnIeYf2HC5dlbxms2ndpGT9j3BsZCENoS2hJJSkiIiIsERAD6AAAAAAABZrz7UK54tleaULyLNefahXPFsrzSgAsztQofi2L5pIvIs1mdqFD8WxfNJF5AAAAAAAAAAAAAAAAAAAAAAAAAAAAAAAAAAAAAAAAAAAAAAAAAAAAAEVPG5fbls/wB6Tnyt0SrCKfjdHWm9ZrPJx5tBnaTm5SiL/jbvSAJH9CvtJafe9Wk/I2hHnxuf2y9P/EE75SgSGaEmR6I6emRkZHatJwZfmbQjx43Z1pvUvT8nHW0GdAnY2lEX/GUdIA704Ov3NGnPvMpnyNAji4rIiPhOVX3rVH5VGHTd3cLCNwXuCpopIVZy7gduu040SOaagmOmOtqAyolKyhW2kzWW4sHu8I594pm1qrUdaLpvREdaqbSbeVAekpT9j6qkPtKS3n+VsMrVjnIsdJADZ3G8ERWzpjgv+Val5hsbq4Nmolo6UcA6y9QL6lchRKPbaXpJk3yinMurSltCP4y1qUlKU901Fzc40pxvjjbds6Yco4hGarUsbSiLP2BvpFLosO5dQuKstCHaMV6dKpdNgVhyLGSa3JEdiStTpJSXsjSkzXgt57G7eALBT+Hlr7qZOqVvcE7g0QYsTljdeeRBVMcQte7lXuS5KO0tREXs1K5ucyIc+2unVFfDvtM9Z9lN7uXvR11gkcjhLpmyaSLkfsZYb5MsJ3e6eRnXA64eNqcG3S+r2DcliT6up2ovVOBKpr7KCeW6hCTafNwy2cG2WFltbjxs7izreHft0SOGfaerGrNGO2p1fuyj3E5EkpNrkYL7zaWFES8K2CaSnClERmSTMyLOAB0TxvXbLpln+YVbzsYa3sbXTjHKTZtApNjW9dztvQ6dGj0hTFjtyG1xEtpJk0uGwZuEaCThWTzz5MbF4311pFyaZco6hGafV8bSiLP2WN0jurg2mR8HjTI0mRkdo0fBke7/ABVsARccX9Iq0zht0KZXkrTU5Hq89OS43yaikKjPG6Skbtk9s1ZTgsHuEyIiC4FbzKuMLNCXm1K9Vbq3EsjP2MnuCX0AflIjxpTSo8plt1twtlSHEkpKi6DI9xjmDhNaycIbRKv2/bPB64P7N20ORTnH5K41IlOtw3yewloijGlCckZqwZZ35H3xgFP18b0njXdoRdlfpr1AkLdrcKiq2ZEuCpODcSaSNwzaURKNKDIzQpZ79khyZpdxo90WJo7Hsiv2W7ct00qMuJCrsmq5be5+TclJUk3FrTkiVhXZ7O80mZgDVfBRrldXw6LWq0qjFRKlUboqJTqa0hTaYinm5PLsElXZJJJmosHvLZ3jLuM/UtPCmjONp2lptqlqSnpMnnzIvhGT8Wlond1+ayvcIW5Ycj1FonVjsee+2ZJqVVkkpKzbM/ZEhLjqlKLJEpSS584xfjQZUeLwqYzjrraeTtulrNJrIjwTz5933ABs+++Gdw+m7SntSeDc9a7K4y0LqyLaqTioqDTg3E7ajQkyLftKIyLnMh+HFO0TTFV03Pcbt1rfv31P6mYo7kc0JZpxuINyQhwzMnlKWTZKxjYLGSPayM1qPG76VtU5wqRpdcsiYlvDLcmbDaaUrG7bUlxRknPPhJn4Bovi0rKvG7uEwnU+m0p1m36LGqL1SltNmmKTkpCktxkK5lHtL2iSWcJbyeNwA6B1+4wS3bS1WkWLonpDDva8aXJcpfqu8yZl1VvS6xGSyg33sGRpUZKSRmkyLaIsjlvhd3hwv78t23bk4RloNWzb66m6ii09MNqKopJsma1G2a1v/wAHksuGRdBZFmsS8q3wMOF1UKzf9qyKhIos2pRpcfJNvvRZJq2ZcdS9xmpJpWk+ZRKUnJGZ4yXhncKKr8Kqk0yv2vYFUo+n9mzuScqM00KN6oyUmlCXFIM20HsNqJKCUo95moyykgB1Bb5Y4pp4j7yJx/8A8hwR62pfeqNu6OX5aNrUx4rQuWbTkXJUG4a1k2pvbOPHU8R7LSXD2skZZVsYI8ZI+/LNrlNq/FM1JUKW056n2nU4EjZWR8m61KcI0n0HgyP3DIa74tKxKHqxpHrvp1Wjadg3AmnQXTLCuTUtiTsOFj+MheysvCkgB1pwCYumkLgz21E0yrx1iKhTyqpJcYNh71TWrbkIdaMzNBpNSSIsn2BIMjMjyfEPGJWrUNFeFbRNZbdaNkq4mHcDC0JwXqhBcQl5PuqShhR/lmPTxdOqdQ0Q4Q9d4P8AfElERFxynaUtlxwi5CtxFKSjBHzcqknEeE+SHTvGeaYlevB3O84cfbn2NUG6mSi9l1G7hmQXuESm1n/mwBzLxlWqhau3/ptY1mOqlsKocerxmk7zXKqpo6nTu5z5JLf7Qd+u1DT3gn8HOD11PpZt+yaJGguk02S1ynUpS3sIQfs3HXTPBc2VZPBZMRe8Aixalq7wpLXl1px6dDs2IVYfW6e1sNw0Jahtb+4TimSIuhHgHffGP2Fc9+cGKpt2rCfmv0KpQ61JjMJNbjsVk1k6ZJLerYJfKGRdxB9AA53pnDq4RGqEioW/wUODRAgwEvGp19qCqYppxe/lHTRyUZtatxntGr3T5xoLTRGo/r+LWLVxSevQ74iLrewbWCkmkjMi5H7HjZ2S7HcM+4IXD6tPg56RTtOrhsGoVh9FQkVCnyKdIZbRIU9s5bfNZkaTI04JaSWezgsZTv1rZ15XOXDgtHUTVulHblVr9306uSoklJs9TsTFETJklfZEjYWgi2t+CyZEYA3nxvPbzp54jqXn2hILoR9o3Tv3q0f5I0I+eN5Wym/NOUOPIRtUSpJ7JRF/w7Jd0WuyONYuayrMoFmsaS0GW1QaZEpiH115xCnUsNJbJZpJoyIzJGcb8ZAGMcAH7uNXuXH/AKyxfuNlI1cIC10kWTO0WCIun/DZI0Jwc9c5ekuvkLVOnUKJVX5kqTFVEXKNtCOrnCSpW2lKjyjbyRY347g3xxtDzLXCAtgnX20Ys9k+zWSd3VknfvAHv1uuCr8OXhYWvobZk5xdnWoZRXpbG9skNkg6jOLuHzEw2fdMk49mYsHFsRWIPC/qEGMlSWY1HrbDRKPJkhEhpKSM+6eCLeOreLa4Ox6V6UHqZccDkrlvptqShLiMLi0wt8dreWSNeeVUX9JBH7EcqcXE8yvhmVdKHm1K9TK9uSsjP/GmwBTjAFJRw46ata0oSlq2zNSjwlJE/vMzPmLwi46jVCp8Prhdy6JSZUj6n1kxpZJkMmeymnxzM3ZCT7i5L5JSgz37Gwf8UxiPGcvMI4V1SS482k/UClHg1Fn2LncHbvAt4O/1CeDlOqdfg8jdl4QHKpVttOFxmjZV1PFPo2EKyov5bi+ggByzxSKjVrbd6jLeq0kmf6ZjIlXEUnFGOtOa13cTbzaz60UHhKyP/jjPQJWwAAAAAAAAAAAAAAAAAH4ToUapQn6fMQa2JLamnEko0maTLBllJkZe6R5AH7ZLw/AGS8PwDDfqQWB7Tv8AlGV86H1ILB9p3/KMr50AZlkvD8AZLw/AObrwmWpatwzKMxaHqg6zNNlMMqjOS/yRtMckZGlSiM3HXV42jLsUYLJi3v1VtiA7U4mjsqqttbbLTUOo1JLkx1HJma2uUwRNqQ5tpNZluSoj34IAdQ5Lw/AGS8PwDmZ6pRG1NEnRaqmSjPZV6oz8SzJ1aCZZIj2icUSclypILsVZ3bKj9DT9Jhoh1Sqaavy6XJJhC1UybU1vpccU+k0pQ7sbRoNlKTLO81ljO7IHSOS8PwBkvD8A0Neke0bfWy5QdO6jWIEiImQVQZqEw2WjUbpES0kvbxltPMR4JRmo0lgzxArla6lalJ0ErbiOTw7s1GoZN02doiQW/KdtTSTVzES1YzsGAOqMl4fgDJeH4BzBErKHm5Ti9Bqy4phRkTTNWlmtBktpOyvaWW8yWai2SM8GnscbRl4ZVzw4q5LRaRSpCWopOsSWJ1TNqQvbwSkkeFJQsiMkmoi7Isb8kRgdW5Lw/AGS8PwDmKZWY7Gx1NoFcD6ltG8SfVOYWUEvZMyMlGRGeU7KVYUZmeUkRZHrrE2jUi06NcbmmLqnJ0OXKkN+q0/Y+wr2S2FJM8EaMvHt4w2lWNowB0lkvD8AZLw/AOX5NUjRYkacWk78pp+V1K2TE+qZkJSlJqeb2sYQrlEqSRltGSV5LcZl9zavFYVNQnROqxupGlubcupTtlSy/g2SNs1JNa9lZZJWykzRlXZYAHTuS8PwBkvD8A5cVddrxmpzk/SypNclIU1DScupEuTvT2BJPfyhbWzs7jNRYwRnge6lPRKrUGoc3SaoUVCJTLTrsipTVJcNyXHaJhBmoiNfJPrcNRHgjbwW12RkB0rkvD8AZLw/AMNLSGwPad7yjK+dD6kFg+07/lGV86AMyFnvPtQrni2V5pQ91KpcKi09il05o2o0ZOw2g1qWZF+UozM+fumPDefahXPFsrzSgAsztQofi2L5pIvIs1mdqFD8WxfNJF5AAAAAAAAAAAAAAAAAAAAAAAAAAAAAAAAAAAAAAAAAAAAAAAAAAAAAFkrlk2dc0hEu47Uo9VfaRySHJsBp9SUZzska0mZFk84F7AAflGjR4UZqHEYbZYYQltpptJJQhCSwSUkW4iIiwRELXXLMtG53mpFx2tSKq6yg0NrmwWn1ISZ5MkmtJmRGfcIXkABjlf050/uqlxKHc9j0Cr06AnZiRZ1NZfZjlgiw2haTJG4iLscbiHttq07Xs2mlR7Rtyl0SASjWUWnRG4zRKPnVsNkRZPBb+cXYUUeyWQBa67ats3OllFyW9TKqmOZqZTOhtvk2ZlgzSS0ngzIi5h66dTKdR4LNMpMCPChx07DTEdpLbbaehKUkREXuEOT7y4Zt9XBfE6yODvpqm7DpilofnuNuvJd2VbKloQ2aSS3tEZEtai2u4XNm+6M8Lys3FfqdJ9ZrGO0bnkKJuIZJcbaddMspaU252SFKLJpUSlJVzZI8ZwY5lh5VObT6bXs7X6r8DcK3IXO6GEeLnTXgx1uOqPOKHxnC+pLsuulG5i0P0aTcPXaWlNoFW+U5X1QKixuqOUznb29jO1nftc4vVYsSyrhmlUq9aNFqUskJQT8unsvObJHki2lpM8EZngs90ay1w4RMjTWv0uwLIsmbeV41hhUpmmxVGlLLBGZco4ZEZ7zSrBEXMkzMyLGbDpvqZwrbyvqlU+7NHKXaVtIUtyqTJDinHFNkg9lLX2TJKNWC9iZbzM8YFyWMpqpzSu3w2TaXndrL6zBpcmMdUwXshUcIU2nJa5wjKSV94wb1O7VlZbvgbwrtn2pc6mV3JbNJqqo5KSyc2E0+bZHjJJ20njOCzjoIXKJDiU+KzBgxmo8aO2lpplpBIQ2hJYJKUluIiLcRFuIfptERb1EKkoj3Ee8ZRrpY6fYlk0mqerlLtCiQ6jtLV1XHpzLb2V52z20pJWTyed+/J5F9FNoukNpPPtEABkR84wOqaCaH1yrnXqzpBZk6pKXyipUihRlurVnO0pRoyo/CYzzaT3TDaT0gD8YUKHTorUGBFZjR2EE200y2SEISXMlKSwREXQQtNZsOybimeqNfs+iVKVsE3y8ynMvObBZwnaWkzwWT3Z7ovm0XSBGR8xgDFPqTaXfi4tbyNG9AZHTqZTqREbgUqBHhxmiwhmO0lttBeBKSIiHoyRhki5zAGMXlpdptqJyJ35YVvXEcYsMqqlNZkqaLOcJNaTNJZ7hD1NWHZLNvt2mzaFFbojJkpumpp7JRUGR5Iya2dgjzvzgX3JdIEZHvIwBaYtn2pCoz9uw7ZpLFKkmo3oLUJpMdzaxtbTZJ2VZwWclvwPqhWpbFsJfTbdu0ylJkmk3igw22CcNOcGrYSW1jJ4z0i6ZLpDJdIAsD1gWK9VTrz1mUNypG8Ug5iqayb/KkZYXyhp2tojIt+c7hwHwx+MDti4rDvLQqx7UuCJXpMmVb1WmVFtlDDDLbxtv8lsOKU4ayQpJZJJESjM95EQkbNSS3GY0pV+BjwXrguyZfFa0fo06s1CY5PlvPuPrQ/IWraWtbJucmZmozMyNODzzADQHFT6RSra02uDVurwTZfvCU3GpqnEGSlU+NtfZE/wBFby3MdJNkfNgd1GWSwY/GFEhU2IzAgRmY0aM2lpllpBIQ22ksJSlJYIkkREREW4iH7ZIAYTH0P0aiXD12RdKbRarXKcr6oIosZMgnM52yWSMkrP8AG5xeqrYdk12oeqtatCi1CbhJdUyqey87hPsS21JNW7ub9wvmS6RTaTzZ5gBaK5Zlo3M60/cdr0mquMJNDS50Fp9SEmeTJJrSZkRmXcFs+pNpd+Li1vI0b0BlZKSZZIywKGpJd0AR2cPXg53vcesmnVT0e0ely6TBio9UHqHTWm2WnCnIV9k2NneSCM+bmHfNasezblkpm3HadGqkhCOSS7NgMvrSjJnskpaTMiyZnjm3mL1lCizuPwhtp6ecAG222m0tNIShCCJKUpLBERcxEQslKsWy6FPOq0S0qLT5qiUlUiLT2WXTJR5URrQkjwZ8+/eL6AAsVVsSya7P9Va1aFEnzcJLqmVTmXXcJ9iW2pJnu7m/cL2ttDqFNOISpCyNKkmWSMj5yMfQACyUOybOtmQuXblqUelPuN8ktyFAZYWpGc7JmhJGZZIjxzbhewAAAAAAAAAAAAAAAAAAB+E4pqob5U1bCJZtq5FT6TU2S8bjUSTIzLPORGR+EAfuAw7qbV325tDybK+fDqbV324tDybK+fAGVlEjJdcfSw2TjuztqJJZVs+xyfdx3Ogfrghh/U2rvtxaHk2V8+PHV5eqNEpkqr1CuWiiNDZW+6ZUyUZ7KSyeC5fefQXdMAZ5ggwNQo1Pri31RVX/AGM2+hxxlba6bMI0LQR7RH9mwRZIyI84NRYIzPcPyRqzUVIU6rUmwW0IYVJUt2nTW0pbSW0ozNTxERkW8085bslvIAbjJJERERYIgwQ1nRLsvO45TsKi3pY8t9klKU2iny9rZJWyayI3y2k7W7aLJeEfhMvy5KfUH6TN1C0+YmRkqW8wuJJJaEpzkzLl93sVfAYA2nggwQ1QxqHX5PKmxqLp84TLqGHNmJKPYcWnaSk/s+4zIjP9A8n1V6nyRvI1IsFbewy4S0U6aolIdJRoWkyePaSZJUZqLJFg8mQA3Fgh8PMtSGlsPtpcbcSaVoUWSUR85GR85DX8Gu37U2lPwLxsV9pEZMxS0QpJpSyo1kSzPl8EWW3Cz/RPoGMU3WOo1Nhclm/7KabbmKgmb9Jmt5cIzLO972BmkyJR4Iz3c+4AbqJJEWCDBDUBap1JTfKp1O07UnZQotmJKPJLj9UJwRP5MzZ7PBfxd4+HNWaiyyl53UqwEbaFLJCqfMJzZSZEozRy20WztFnJbt+cYPAG4VISrcos787+kfLsdh40G80hZtqJaNpJHsqLmMug957xgtInao1uF1dCrNp7BOusKSulykqQ424ptaTLqjnJSFEPb1Nq77cWh5NlfPgDMQGHdTau+3FoeTZXz4dTau+3FoeTZXz4AzEWa8+1CueLZXmlD3UpNUTT2E1p2K5NJP2ZcVtSGjVn+KlRmZFzc5mPDefahXPFsrzSgAsztQofi2L5pIvIs1mdqFD8WxfNJF5AAAAAAAAAAAAAAAAAAAAAAAAAAAAAAAAAAAAAAAAAAAAAAAAAAAAAAAAAAAABh2sdRl0jSe8qpAUpMmJQZ7zSknvSsmF4MvCXOMxHhrlKh12jTqJUWzciVCM7FfQX8ZtxBpUXwGYpnFyi0uJfwtWFGvCpNXSabXkTOZuLxolMiaLz6zHaT1ZUK0+3Idx2RpZQ2ltJ+AiMzL8o+kYnxgkONRK/ppedMLkqw1OeaS8jcs0NLZdb3/0VmePyz6RiNjXnqjwIbhrdlXPYs64rTnyTkQZcbaQhaiIkpdbc2VIypBJJbasGSk5I+n30yNqNwztZaBdlas6Xb9hWu6l1KZBLNK0pWlxSErUSeVdcUhBHslsoQXTz65zingo4JJ85srWezTve/V03O6Ry6thOVNbldWqReBanNT1xepSg0qaje+q7UdLXR5j99RJOpVwcMe6rF04rCKJWLgp9PgrrBkZu0+A1GQ+9yeN5GpRkWSwe4iIyzkr9Z126v8HbX6h6S6l35JvG3bxShEGbMUpTjLi1GhCiNZmpBk4RIUjaNJktKiwY+9fod56I8I+mcI+kWpKr1AmQUwqq3FSZmyom+SUlRkR7GUk2pKj7HKDSZkLNb866+Fvwi7X1FYs2oUKzbJJt0n5iMG6ttZukna9ipa3NgtlJmSUIMzPJip6qVaUYt85r2W9tLd/NbjdlumqeMyulWqwpvA96WqS8DWq0IOKSb8NTUlFRirJpt2u2z86p9V7UjhZX9pVa+p9ZoNIeb2pbrb63Oo4aG46lJjoNRE2ta1JTlODwpW/eZHfNEK7qHolwlX+D3dl5zbmolXiHJp8iata1tq5JTqFp2zUpGSQ4hSMmnJEZDC5uoVd0v4aWoN5Uq1p9wQobS01eJBTl9EJTUYjeSXd2F8mZ9zBnky5yyjRxV0cIXhRSNe27Xm0a26DBVFhKmpMjcd5FbTaM8ylZdccVs5JJbJZMz30Up3rLS3znOPrtpu7+S3rL2Pw04ZXPviFNYN4KDvaClz+iOjfx9bfDo0nh1Ysq7XLjum5tbeFLCtB9t1TlApNJqjikJaMjNtBsEaFoIi2E7kmpRmpWeYZnwary1k1Y4NFdh0i72U3bBqDtLp9Xqm04bbWw05laiIzUtJOLSlRkf8UzzgaM0rqFKsa470oWp+iVZvDVGoT3UUtb1P6qJbyyUkzM3NyEms+U5UiURpMsGWCGxOC5X9SdOODve71oWI5Vrko9wcs5TJrTzSnGVMNJWtCSLacNPJrPZTz7JkR5xnzD1E6+rdJqV95N9vl6rLYqz7L5wyl4Z6Jzp1MPzUnGlGm09m4JXfNt2UpVJNSd9lZlmuKjah6Fak2DAtjWivXjfFYmtIuKgqmLlNElRoUrKDMzJs0qVhSyJWCJZGkiPF/1uv6s6p8IaVow7qyen1oW5H2ps1MwoypUgkIWoto1J2lZcSlKTVgiStWDMYLqXqFF1uum069o1p3c9F1ZcltHV5zLLrKEbDZN7ClbWDQRkR7SiSRISZKzkyGQ622dA0q4R0zUzUrTFd52NdEdKnzai8umNLNptKzIjwSVkpvJEoy2kOHg8kYolJ6Zqi/8PVG+8rWs+njx8b/6ZVDDxeJw9TMYJYzmKulaaSqc4pxs4x8RpRclRvxSb6jNuC/qRcVF1XunQes6iJvikQ4ap9CrRSOXNSUkg1IJzaVktlwspNStlSFYPB4F24A91XPdVq3jIue46nV3Y9bQ0yudLW+ptHIkeyk1meCz3CHk4LZ028L2uC87Y0AoVm2tCYdj0eqlDcYnyNvZI2zyo0LLCTNRpLBZSnJnkxpjg16+z9AaRcFHqWlV0VhVXqZTEORo62yQlKCRsmSkb+bOSGRRr8w6M6kvB8Pr4bW47vyMiMxylZtSzPDYKgu+LYa6vTT1+FrfgvTFtJOSTW99jeHARuu6Lphagrua5KpVjiVxtqOc6Wt/kUbK+xRtmeyXNuIbI4W9Yq1B4P8AdlWodVl02dHbim1JiPKadbzKaI9laTIyyRmW7uGNAcX3dy4l2XtYcyiTI0upH6v7b5G3yTaVE3yZoURKyfKkZHzYIb44YsaTL4Ot4R4kV6Q6tuISW2W1OLViWyZ4SkjM9wycNNzyxtPe0vWa/wAoMHDDcvqVOUEqcqtBpbaXF6OjhZ7nKEp1UHRCLqWzwvLlbu1cBEsrfOucoo5BqxyBISvlEnjflRHjnPcO0eDxcF5XRo1atcv5DxVyXC25KnmuScdTtqJtxScFhS2yQo9xc+e6OGTrOiLmhzNpHoHccjUH1LKN6rtUNbRdXZPDxuke0si3HjZPa5sDs/gp0+/aXohb0LUVMxFUbS9ybc0zOQ3FNxRsIc2uyJRIxuPeRYI+YWcrb56y4aVe17X8t+nzeUle6DRisp1TjaSxElHVGnGThpdlDRu6e27lvexqLhy3LcdFunTWl0e96tbUOqypLE+RBnLjklo3Y6TcWaTIj2EqUZbW4t41tetWubSy+rOa0a4TFf1FqNVqSWJFJVPKcjk9pOCWSFKQaVEaiMjIjLG0RljJZ1w+Ihu3XphMk0GbVadElSnZzMaIt/bYJ2Ma0GSS/jJJRYMyyNTamS7Mviu2wxwX9Ebrta541Q5U5zVLXBLZMsIIySo0kRKwo1q2SJJGR5IzIYuNk1iKu+9423d+Cvptt9ZN8ksPSqZNl6lBODjX1txpun409POyl4aS6NO5svXbUKt6ncIV7RVzVb6n9o29HJdQnollGVJf5NCzLaNSdo8uISlBqwWFqMjMXvguaj3BQNYbh0Fq2opXzRWoqp9DrPVHVCsJJClIJzaVuNLm9O0eyps8bjwMI1xs2Jpfwi3tUdSdMl3lZFzxW+q+Qim+iPM5FtCzIjwRLJTW0klGRKS4ZEeSGweCwdLvDUKtXlanB/oVn2pT2nGaTVzhuMVB817JG3vUaFkZEpSjSWE5SnJnkxepOo8Z4TtLU9vC8XzcLW4PrI7MKWBhyXXNU9VDveFmlSSVe6u9V+cdTVdOPTHosjSNga8ahM6WXXZ9KvesVK+LpueLSaIhyY4/Ljx1kfKutbRmaE7tnJcxqyXNktzak8HTVS3bDXX6Xwj7qSm1aFLkyUKdf25zqFOvmZrS8WCwZNpMyUZEkufmGhNPtIKxXNF7/vqj0mo0+8LPr7NSpctpl1mUbCEmbyG+Y1FgzWRER9kjwmR9iwr/AJmq3BUrVzSqfIZqsi16hGnxlR1IWUxEdaHCJBkR4UotpOC5lEKMFB16TVe7em63fBN+m/HyWMvlXioZZjoVsn0KHP6at4Qb1ShDTa6fgaL2ta0tXTY0fwXbP1Lumg0fXe4ddbjcpFJmy3plFkPPvofajkolEazd2Tzz4NB8wtun9s608MR24NSpOrVTtKkQ5qolHhQluk0hZJJaU7LbiMElK0bSz2lKUZ8xENwcCy33pnBnRQKvFkxOrJdUYcQ6yptZIcWaTPZURHzGeBpfSfVi7+Bs1cOlN/aa1mpsLnrmUqVCLZakKNCUZJaiwptZIQrKcqSe0RpHsIQp0aLqt821eW78aytfq/Mt1MXisbmOawyuNN4ulNQorTTVqSnPVpTWlvxbt3enpM00a1m1CrGlGrunF+ViS9dNg0qeTNTS6ZSFJS28je4WDNaHG+xXzmSk53lk8F0n0110160cO7X9bq9BKjrlNUSGmQ8apbzZmta5DxOEres+TSfZbJJ5sbjynRvTi84WlGtOs9/UtymVK+KPUnY8R1BtuJZNt51TikHvSSlOESSPB7KMmW8hgmg3CSr+jGiLtAmadVeps1J+Yu3alHTmMt5WEuNOnvMjQ52WCyoyVjHMYoU1/hd9N6dMuu9r+De3k9NjMnh6lsdPk5Tpusq9FcIOKlzb51Q1bW1ar24R1W2RmdscLK9o3BLq9yTpipN30mqtW7HnuoJSlG6gnG31lzKcQ2Thc29SEmecmMBqVRvDSizqHrRbnCcK47pfdjSKvbq6sUlJodLaNs2zcUa9nJJXlBYyZpNOyQye2+DJfs7gfVmI7SZLdz1OstXLFpq07D62WW+TSg0n7FxbanVkk9+TSR7zGMUu8bBq1v27ZNmcEqBUtRCW1DqaKnSllHWaE7K3MpUlaVKURKM1kkkdlnO4Wqkq7jBVm09KtfVe9+hLi+GzM3B0sojVxPsVTjOHfE1VUVS083pW0nUa00r67OL2fTwJB7Tr7N1WzSbmjI2GKtBjzm0meTSl1tKyI/c2sC7i1WtTE0S3abR0QYkJMGGzHKNEzyDOygi2G879gsYLO/BELqNrjfSr8T5zraOdlzfi3dvN0AAAVFoAAAAAAAAAAAAAAAAAAAAPwmS2oER6a+l5TbCFOKJllbqzIiyeyhBGpR9BERmfcAH7gMU+qVb3tZdPxXqXzAfVKt72sun4r1L5gAZWPBXqPGuCizaJLUpLU1hbKlI9knaLBKLwkeDLwkLH9Uq3vay6fivUvmA+qVb3tZdPxXqXzAAtdX0TsmtsqKU3OYkOtpbefizXWlOElzlCyRHg8OGaiIy3GeSFE6G6eriIh1Cny6glEx6clUqY6tXKuGRnk9rsiLZSRZz7Ej3nvF1+qVb3tZdPxXqXzAfVKt72sun4r1L5gAW9jReyIk6JVILdRjy6ehTcJ1FQeM4qDM+wbJSjJKS2lkSSLBbR7ubH7VDRrTmq1OZWajbbUiXPfVJkOOOLUanTQSNoiM8EZJSWzjGzvMsGZmPV9Uq3vay6fivUvmA+qVb3tZdPxXqXzAAsL3B80zcjsQmaZMjRG9gnYzM95LchKUqSSXS2uyyS1ZP2WVGed5j1xdDdOIU9yoR6O+hbra2jQUx7YJCkKQaSTtYIsLVguYs7sC5lqZbp81Oug+52sVL5gUPUy3SLJ065yLpO2Kl8wAPPb2kVlWt1Umhw5Edqelbc1k5K1tyUGlSSStKjPcklqxjHPvyLPF4Pmn6En6ooqlRWUtyS2uVUn1qQlTnKE0WVewSreXdzkzPeech+qVb/ALWXT8V6l8wH1Sre9rLp+K9S+YAFlY4P+lUXHUtuKaUlKkJUmW9lKVGRqIj292SIiP8Ao9jzbh6JehmmE+RMlTbZQ+uoOqek8o+6onVHjnLa5iMiURFuJXZFv3i5fVKt72sun4r1L5gPqlW97WXT8V6l8wALzb9EaoFO6haeW8a335Lji8ZW466pxZ7v6Sz/AEYFyGKfVKt72sun4r1L5gPqlW97WXT8V6l8wAMrAYp9Uq3vay6fivUvmA+qVb3tZdPxXqXzAAysWa8+1CueLZXmlD302oMVWCzUIqJCGn07SUyI7jDhflNuElaT8BkRjwXn2oVzxbK80oALM7UKH4ti+aSLyLNZnahQ/FsXzSReQAAAAAAAAAAAAAAAAAFMkXdAFQFMl0kGS6SAFQFMl0kGS6SAFQFMl0kGS6SAFQFMl0kGS6SAFQFMl0kGS6SAFQFMl0kGS6SAFQFMl0kGS6SAFQFMl0kGS6SAFQFMl0kGS6SAFQFMl0kGS6SAFQFMl0kGS6SAFQFMl0kGS6SAA0ke4yDBEGS6SDJdJABjIopJbBkRCuS6SDJdJADQFh6H3lbfCkvHWCoP0w6FXoS48VDUhSpJKMo+NtGyREX2FXMo+50jf5ERBlPSQZLpIWqVGNFNQ6W39ZI5nmmIzacKmIteEIwVlbwYKy7bDBZyGAyXSQZLpIXSOGyWcgZEfOGS6SDJdJAAREQYLw/CGS6SDJdJADXVI0YptI1srmtbdcluTa3SmqU5BU2jkW0I5PC0q9kZnyRc+7eY2KGS6SDJdJCiFONO6irXd+1mTicXXxjjKvK7jFRXkjFWS7EMF4fhFRTJdJBkukhWYwxkMF//AEwyXSQZLpIADIj5wxgMl0kGS6SADAYDJdJBkukgAAyIwyXSQZLpIAY7qPQJ106fXNbNMU0mZVqRMgxzdUaUE46ypCTUZEZkWTLJ4MYJwXdLLk0f0oiWVdjsFyezNlSFKhPKca2XF7ScKNKTzjn3DbuS6SDKekhadGLqqt0pW+v/AOEjDNMRTy+eWRtzcpqb231RTS36rNgNkugMl0kGS6SF0jioCmS6SDJdJACoCmS6SDJdJACoCmS6SDJdJACoCmS6SDJdJACoCmS6SDJdJACoCmS6SDJdJACoCmS6SDJdJACoCmS6SDJdJACoCmS6SDJdJACoCmS6SDJdJACoCmS6SDJdJACooYZLpIMkfdAGiZtia2S+UiUioJpjX+ExDkHWnkcplxTvVPJNpMiUtajwrJqIsEZbOR7Kpppqkhts27qdqMYo805sVyoyFKlLdjKbS2lK+wJJOGlZex2TSZl3CG6wAH4Qmn2YbDMp7lXkNpS45/LURERn+k8mP3AAAAAAAAAAAAAAFmvPtQrni2V5pQvIs159qFc8WyvNKACzO1Ch+LYvmki8izWZ2oUPxbF80kXkAAAAAAAAAAAAAAAAEZvDf4VXCN0x4SdR0+0xv+bT6aVPpq4tPj02NIUp95s9ok7bSlqUpWMFk9+4iEmQim4W+7jJLX8Z2n55AAw710fGI+2d+fEtH0QPXScYj7Z358S0fRBMQSS8POfdFdkvD8IAh29dJxiPtnfnxLR9ED10nGI+2d+fEtH0QTE7JeH4Q2S8PwgCHb10nGI+2d+fEtH0QdRcFPV7Wm8LJq1Q13uuuRKyzVTZiIqJu0ZZxeRbMjS03BUS07Zr7Pnzku4O59kvD8IbJeH4QBoPrwY7+3vjJK/2cHXgx39vfGSV/s4b82S8Pwhsl4fhAGg+vBjv7e+Mkr/Zw/GdefJwpC419Pm8llZtkVxSVHtEk8YL1P3nnG4dBbJeH4Q2S8PwgCHVHCk4xLZTmp35zFz2Wj6IK+uk4xH2zvz4lo+iCYnZLw/CGyXh+EAQ7euk4xH2zvz4lo+iB66TjEfbO/PiWj6IJidkvD8IbJeH4QBDt66TjEfbO/PiWj6IHrpOMR9s78+JaPogmJ2S8Pwhsl4fhAEO3rpOMR9s78+JaPogeuk4xH2zvz4lo+iCYnZLw/CGyXh+EAQuVHhtcN2kVVFCq2oleg1J3YJEKTb0VqQvbPCMNqjks9o+bdv7gvXro+MSI8HU783f9S0fRBl/DV++FWr+cWr8qEm96X5blgQYk+43ZqUT5ZQoyIkJ+W668aVrJKW2UqWfYoWfNjcPJSUVeT2LlGjUxE1SpRcpPgkrsiaLhR8Yjks1O/PiWj6IO2dGNRrvrmldsVjUe86gxc0unodqjcuqPwXkvmZ7RLjogGlo+bsSPcNxr4QmnjSdt2LdyE5xlVp1RJZ6MmwPmRwiNOYkdyXKjXc0wy2p5xxdp1RKUoIsmozNjBEREZ56Ba74pfGX1kisjzN7LDz/APF/kYj14Md/b3xklf7ODrwY7+3vjJK/2cN502dEq1PjVSC6bkaWyh9le8tpC0kpJ4PeWSMh6dkvD8IvcSLacXZ8TQfXgx39vfGSV/s4YBr3qXfdu6R3DWdKrxqci6ozbJ05uFUH6i8pRvtkvZjLgElzsDXkjMsFk+4Ou9kvD8IbJeH4QPCHb10nGI+2d+fEtH0QPXScYj7Z358S0fRBMTsl4fhDZLw/CAIdvXScYj7Z358S0fRB6qTwnuMGkVaCxUKrfSYjsthuQarPS2RNG4klmaiidiWyZ9l3OfuCX/ZLw/CGyXh+EAaEO8GNoy6+3ec/+ckr/Z4p14Md/b3xklf7OG/NkvD8IbJeH4QBoPrwY7+3vjJK/wBnB14Md/b3xklf7OG/NkvD8IbJeH4QBwJwtdZtfbMp9sO6BXRX5kiXIlIqhU1pytGltKEG3tpcgp5Ito1YMufeXcHOPrpOMR9s78+JaPogmJ2S8Pwhsl4fhAEO3rpOMR9s78+JaPogsvr2eG8Vc62Pqh171Z5TkfU3rei9V8pjOxyPU+3tY34xnG8TRKSWyfPzdIiof++wF78E/wBmEAMO9dJxiPtnfnxLR9ED10nGI+2d+fEtH0QTEJSWyXPzdIrsl4fhAEO3rpOMR9s78+JaPogeuk4xH2zvz4lo+iCYnZLw/CGyXh+EAQ7euk4xH2zvz4lo+iB66TjEfbO/PiWj6IJidkvD8IbJeH4QBH5wSdaeELeh3Qev1z3DD6j6jKleqTDlF2trleV2OTgq5XmbznGzu6R0P14Md/b3xklf7OG/NkvD8IbJeH4QBoPrwY7+3vjJK/2cHXgx39vfGSV/s4b82S8Pwhsl4fhAGg+vBjv7e+Mkr/ZwdeDHf298ZJX+zhvzZLw/CGyXh+EAcEcLTWTXmzKNbcnQO6a9MmSpkhupFTUOVpSWSaI0GtDkJPJltZwoufmHNvrpOMR9s78+JaPogmJ2S8Pwhsl4fhAEO3rpOMR9s78+JaPogeuk4xH2zvz4lo+iCYnZLw/CGyXh+EAQ7euk4xH2zvz4lo+iB66TjEfbO/PiWj6IJidkvD8IbJeH4QBDhN4WPGCU2G9UKlX70iRYyDdefkWg0220gudSlqikSSLumZ4HiofDL4dd0NPP2ze9zVhuOokPLp9sx5KW1GWSJRtxlEkzLfgxKHwsixwZdUTIz7U6n3f/AIChyvxRJZsnUjx3C+SmAOd/XScYj7Z358S0fRA9dJxiPtnfnxLR9EExOyXh+ENkvD8IAh29dJxiPtnfnxLR9ED10nGI+2d+fEtH0QTE7JeH4Q2S8PwgCHb10nGI+2d+fEtH0QPXScYj7Z358S0fRBMTsl4fhDZLw/CAOMeDXqnqddWlcSsazXdV4tzuTZaHm58p6lPEylzDRnHbgqSktnmVnsucbS68GO/t74ySv9nDfmyXh+ENkvD8IA0H14Md/b3xklf7ODrwY7+3vjJK/wBnDfmyXh+ENkvD8IA5j1Dv6tU2wbkqNpXtNcrkWky3qahitSJLipSWlG0SWVU8idVtknCDMiVzd0cIlwpOMSwWanfmcb/95aPogmK2S8Pwhsl4fhAEO3rpOMR9s78+JaPogeuk4xH2zvz4lo+iCYnZLw/CGyXh+EAQ7euk4xH2zvz4lo+iB66TjEfbO/PiWj6IJidkvD8IbJeH4QBDt66PjEfbO/PiWj6INrcCThV8I/UvhK0vT3U+/wCbPpqoVSVLp8imxo6kvMtZSSthpK0qSrOSyW/cYkyNJeHnLuiKjgqffLbm8cXb5x0ASsgAAAAAAAAAAAAAAAAAAs159qFc8WyvNKF5FmvPtQrni2V5pQAWZ2oUPxbF80kXkWazO1Ch+LYvmki8gAAAAAAAAAAAAAAAAil4W/3yO1/Gdp+ebErQil4W/wB8jtfxnafnmwBKyXMKihcwqAAAAAAAAAAAAAAAAAAAAAAAAAAAAAACKThq/fCrV/OLV+VCRnU3tm0199av7NmiObhq/fCrV/OLV+VCSLU+1rtuFFu1Gy5VJZqVv1n1SSmqJdUw4nqd9k0nyfZZ+zZL3BarJuG3k+8kMsnCGJWuSimpK74bxaV+1mh+E/MVb9Un3VWqmiRQ4MqPFWhNPckSEvvxzNuMjLzaUoQltb5mkyNS3miUSiI8ZxZ1OrFJ0dvinVmrRpD0WkPtclGaU03/AIipaZJINSiQbza21qSjCCWS8FtbRn6J+n+ulRqEmpuTLOjvTFpcfKHVKxHbcWlCUEs20OEna2UpLOMmSSHwrT3XdFDrlFiybEL1ejORpUmTJqkp4yU0pssLdWZ4SSjwXNz9ItzrNxaUX9RmYXLY0q8Jyr07JpvwvL5jaWnXaDbfiiF5hAyIWu16S7QbbpVEedS65T4TEVS0lglm22lBmXu7IugvwVopMisTNVK85x4Nv7wAAKiwAAAAAAAAAAAAAAAAAAFFexP3BFO/99gL34J/swhKwr2J+4Ip3/vsBe/BP9mEAJWE+xL3BUUT7EvcFQAAAAAAAAAAAAAAAAAAAAAAAAAAAAAAam4Wf3MmqXvTqfmFDlbiiO0nUjx3C+SmOqeFn9zJql706n5hQ5W4ojtJ1I8dwvkpgCQIAAAAAAAAAAAAAAAAAAAAAAAAAAAABQ+YRT8FT75bc3ji7fOOiVg+YRT8FT75bc3ji7fOOgCVkAAAAAAAAAAAAAAAAAAFmvPtQrni2V5pQvIs159qFc8WyvNKACzO1Ch+LYvmki8izWZ2oUPxbF80kXkAAAAAAAAAAAAAAAAEUvC3++R2v4ztPzzYlaEUvC3++R2v4ztPzzYAlZLmFRQuYVAAAAAAAAAAAAAAAAAAAAAAAAAAAAAABFJw1fvhVq/nFq/KhK0nm/SYil4av3wq1fzi1flQlaTzfpMAVAAAAAAAAAAAAAAAAAAAAAAAAAAAAAUV7E/cEU7/AN9gL34J/swhKwr2J+4Ip3/vsBe/BP8AZhACVhPsS9wVFE+xL3BUAAAAAAAAAAAAAAAAAAAAAAAAAAAAAAGpuFn9zJql706n5hQ5W4ojtJ1I8dwvkpjqnhZ/cyape9Op+YUOVuKI7SdSPHcL5KYAkCAAAAAAAAAAAAAAAAAAAAAAAAAAAAAUPmEX/Bisy8KZxideuSpWnWYlIl1e6VR578B1uM8Ti3jbNDqkklW0SFmnB7ySrHMYlAPmGn6Bnrotnef+Ol8mq4A3CAAAAAAAAAAAAAAAAAACzXn2oVzxbK80oXkWa8+1CueLZXmlABZnahQ/FsXzSReRZrM7UKH4ti+aSLyAAAAAAAAAAAAAAAACKXhb/fI7X8Z2n55sStCKXhb/AHyO1/Gdp+ebAErJcwqKFzCoAxLVu56lZWlV53lRyZOfQbeqNTik8jabN5iMtxG0WSynaSWSyW4c4XjeXC9s/Qebrm/qlp3KjwrdbuA6cmzZCFrSplDnJcp1YZEfZY2tnucw31wiSNXB/wBTUpIzM7NrRERFkz/wJ0aq1rQs+L+rjaUKNf1OGC2SI856ja7gA2ZefCG0j0vVTadqNfMKlVGdBTP5DknXltsbiU+6lpK+RZ2slyjmyjce/cYvr2rOnEe7besZy76edcuyE5UaJEQ4ajnxkJ2lOtKIjQpJJ38+8t5ZGgqVqLp3orrRqnN1kqMeht3XTqFPokmeyo0VSnMU5LDsRgyIydcQ+TxmwWVHy5GST2ho2m2vc1kU3S+5atQZ8Srab6cuXk1AW2fLxoTFfYccimnnSv1Oeda2OcjLHcAHd7erOnDtzXJZ5XhTk1ez4bVQrsZbmx6nR3EGtDjqlYSlJpI1c+4t54FosfhC6N6jpqZ2bfUSedHh+qMtBsvMLTE3/wCEIQ6hKnGT2Tw4glIPuHvIcTV2zLtuaiavVanUqc/cF/6eUi8psVhjlH1MyK9LfOMls/4RaKe001yR+y2dnG8Z9SKrRNRb+iV2j6+VTU2TQLIuBzaplswoUKmRZMZKCjzXmtlaHFrQg0MYNRKZUZpSRZAHXMDUyxao5arUC44zyr2hOVGgEklf4fGQ0h1TiN3MTbiFb8HhRC11bXLSih2k/fVUvWCxRI9TeoqpOFqNc9p5TK4zbaUmtx0nELTsISozNJ4yRZHIthcILRaDN4MD03Uqist2nZk2DXFLfMip8hdMhtobe3dio1trSRH3UmMZpdyQ6pRrE1CoOpTdv27b2pt8JqdxsQGqgzSH6g86uBIfadI0obcacNJPKLCSkJPJbWQB3DR9cdKa/bMC8KTesGRSalVmqCw+RLSr1RdcJtEVbakktt01qSWwtKTLJZwRj13Pq1p1ZsisxLnuuJT3rfprFXqaHSXmNDedW008rCT7FTja0ljJ5Se4cXVGnKuKg1y6bN1SrNySbi1ZsyO3djtvRY1OemsOttnKhtNGSZKUEbaHFqJKVKawSlERmPvXiiXrbDmvTV/Xy5dsxOmNCfKe3R24JpZKqSz5MmmjMlGWyo85ye1juEAO3JeoFmwb2h6cSrgiN3LPp71WjU01HyzkRpZIW9jGCSSlEWTMsnnGcGMbszhD6Mah3OuzrNv+n1OrEl5bTLaXEolJaVsuqjuLSTcgkH7I2lLIu6OWq/ZN83LqCxfEumyY9+ap6d3y/GiKVsrpzBswmqVA2i3IU22slL5vszzxjzaSzqJd9Y0PtdnXOtXFUbamR5bVpU+0YUWRbZxYTjT7dQcIkORmUkpTCiPsnFKRspXzkB2VqRfJ6fWu7XmbZrNwzFPNRIVLpMY3pEuQ6rZbQXMltOd6nFmSEJI1KPBDG+DZqDc+qejFBvy8osSLWam5OTLjxP4FhTU19km0nk9rZS2RbX8YyM92cDZZl2JeDA0vwN0qRwd7cStJpMpta3GWD/yrLAG6gAABFJw1fvhVq/nFq/KhK0nm/SYil4av3wq1fzi1flQlaTzfpMAVGMaoXFPtDTS7bspRNHNotDn1GMTqdpHKsx1uI2iyWS2klksluGTjBdeCM9D9QyIjMztSrkREWc/4G6AOe7jvPhf29wfpOvK9UtOn2I1qpub1NKzZCVqI4yXuR5TqzBH2WNrZ7nMN4XTwh9KNNItGj6k3tCpVSqdNRUepyZdeWlnZLbfWhpKzaZJRmXKLwgsGWdxjWmpSFnxd1TbJCjV9SlstkknnPqajdgWe3dQbA0U1k1BquslUj0GPddv27LoU2e2rkp8GNBNp+IyrBktxD5rUbBdkrl0mSTyAOgn9XNNo9zWzZ7l5U06veUVybQY6HNv1RYQjbU40tJGhSdk9rn3lzZH23qtp27dlfsdN3U8q3a0Bqp1mItw0HBiuJ2kOuqMiSlJpLPPuLeeBwhBtO5LZoellemUCdAq1g2FVr2g095o0vx4ke4Ykgopp50q9TnXGtjnLOzjcPivWhd95wdWa/R6RPdr+pOmbF3uxG2jXIciv1yQtqKSD9ksqcyy1yZ855T3QB2zYvCE0b1Ldnx7KvqHUXabE9UH2+SeZWcTeXVDaXUJN1nJY5RvaRnG/eQvdN1RsKr9ah065Yr5XxGXMt7ZJX+6DKGSeUtvJcxNqJXZY3GOTrWrFA1F1Lt2s0nXyq6lybftWuSEoplrwoUSkRX4hNchPda2FtLWom9hjBq2mTM0pIsjHdPNftGqa3wWTn6j0VjrQtqbFr22+Zepzy6Q00lD27sTNwjSWe6WAB2JVdbtKqHak69qrekGPRadVHqI/JUSz/wAPadNlcZCCSa3HScSpJIQlRmZHjI+KRrppPXrWj3pSb1hP0eTVWaGl/ZcQpFQddS03GcbUknGnTWtCdlaUmW0RngjyOIYlywq1AtnUO3dSG6Lbdu6u3k9U7hjwG6i1SFTzeVT5bzLpGlLS0OYJ5RYQT6VZLORe6vCK47YvK6rR1TrF1Sq/qRY8NN2Lt+LHpj0yPLZR1RDQ0ZJlE2S20OLURJUpokkpREZkB2jdGrOndlyavDui6YtOeoNJbrtRQ6S8x4C3VNJfVhJ9ia21p3ZPKT3D2S9QbNg3lTdPZVwRW7jq8F6pwqaZnyz0VoyJx0ixgkkaiLJmWe5nBjinXqgXzbc7XGPf1+qu6YrR+C6icijNwOTZKpyvsZNtGZLMjJSs5ye1juEPdVbNve6dRaBqJJp8mFeuqFl3quBEWs0rpcMoURqlQtrPYKSlZur5vsz7vQQA6ktDhD6L37da7ItG/wCn1KsFy/JMtpcSiTyJ4e6ndUkm5GwfsuSUvZweR++r9c1OptNo1I0nocWTWa9VW4DlSnsrehUaLsLcdmPtoUlTmCQSEIJSdpbiMmRZHIekkuj3Q5odZn1cK3XKpbVRgyG7Mp9owosq3HIcVbchM9wiQ5GYQRuMqUZ7ThrTskvOR0rwoNfoegdjQZ7KqemuXFORSKOqpKWmFGdUk1LlSlNkaiYaQRrUSS2lHsoLBqyQHo0Yv6/qje18aT6kyqNVKvZnqbKbrFJiriszIs1txTZOR1Lc5F5BsrJREsyNKkKLGTIbeGhuChWdG5tFrkbTvU1q/bmkykVW7q8ppaH5055JpS4pKkkTbZJbNDTSexbQgk9JnvkAUV7E/cEU7/32Avfgn+zCErCvYn7ginf++wF78E/2YQAlYT7EvcFRRPsS9wVAAc61a6OERe+uN/2FprfNnW9R7MjUZaSqtuOz3n1zGHHFHtokNkREbZ7sHzjooaM0qSouFDruo0qJKotp4My3H/gcjmAHk0m1huujFqtH4QF52wUfTesRobtZiQVU2LyDsFiRtLQt1wyPae2S7IzM8ERGZkQzeg8IrRi5rXuC8qPfcRdKtVnqitLeZeYdgNbG2S3WHUJdSk0kZpPYwoiPGRzHqBFeZvTVS55tMkzKBbGslpV24Gmo6nv9zGKXE5R020kZuIaWpp1RER4JozxuH5673bbOqc/VvUHS2a1XaBSNG59HqlagEbkSRUHJSX40dLpFsuuNNIeUeznYJ4iPBqwAOsKxrXpZQLJo2o9YvWnRrbuF2IzTKipSjalOSf4BKMEZma+5u6c4wPBenCH0Y08uZFnXnf8AT6ZVlIacdZcS4tMVDqtlpUhxCTRGSs/Ym6pBH3BxTqjRaq5bNwaTOU6UVE0WqDdTgr2D5J31XqkNVMJJ902Yr09G72PYi/XpNKzLn14tfULXCZZh3NWpc5u3k2tEqMi56bJhtMsFCW8nbkLMkqjk0g/sa0b9kjyAO3JOoVmxKpWqLIr8dE63aY1Wamz2RqjQnOV2HlYLGyfIO82T7A93MPzhakWRUZNsw4Vwx3nrxp7lVoSEkrM6I2htxbqN3MSHmj34Psy3DkSpXpZGkNzXxa99XUujyZ2ilvUmnJrppamTJDTNRQaFkg1JN7KkEskqMiUrcZ84tdB1Sse9pvB/syxr9pb9xxNNa1b6mm5OyuLVXqVCQyyszxsuGtlzBc/2NXQAOr7a4RGi14Xkqwbb1Ap06uco+y2whLhNyHGf4ZDDykk0+pGD2ktrUacHktxi7uatadNWhLv1y6oiaBAnrpcidhfJtykS+pFNH2OclI+x82M+DeOJtI3qZXaRohpzO1trtSrNtVqkrOw4FowmJtAlwUn1QcxfYuMx0YdQt4zy4lzsds17/qsWrqW5wbrvuKPqWpq1k6jTjVbPqCyall12Ek/8L2uVLK/snseYsc28Adr1HVvTikUW67iqd3QYtNsd9ca4JLpqSinupabdNCzMufYdbPsc52yIt+4Wi9eEPozp43SnLvvqHB9WoXqlCQll59xcPBH1SpDSFKbZLJZcWSUF3THI1+0Ot6iVbhKWY9T5CLVtepVS7qq6pJk3UZyaDHRToaf5aUONOSVl/Kbjl3TH7RanN071InV67dcvqWwLjsG13KTOm0GNPYqkeNCUiRFQ6+k9l1t1SlGwnslk8SiSruAd30+pwKtTY9XpMxmbCmMokxpEdwnG3mlpJSFoUR4UkyMjIyPBkY54iaq8IC2LhsWvamU+2odK1CuQ6Ai0WIqyqtHQ4h5bDxyieWiSpKWiU+km0pSS8pV2O/OeC9RGrY4PdnUqmtV5TDVPW9FbrsNuFOJpx1xxtDjLalJZwlaSSgj7FGyRkRkZFz/dmomnWql3afXvp9SJdG19buSn02dRSW4qo0uA0/sVSPPR7BMUo/KnyhpJKzNs0GZmQA7XI8kRiooXMKgDU3Cz+5k1S96dT8wocrcUR2k6keO4XyUx1Tws/uZNUvenU/MKHK3FEdpOpHjuF8lMASAmeCMxzNa9c4T+qly6gPWfqlZdvUa2Lxn23EiTbScmvG2wlpRLU6mU2RmfK49iXMOmVexP3Bo7gvIWiTrJtoUna1VrSi2kmWS5KLvLpIAeLSPhAnTtIKhe2vt20eLIpd11a2VTYkJbDct2NNcjtJZjpNxxTiybySE7Sj39AzRXCR0Rb08laqu6gwGrXgzCp8yc426g4so1kgmXmjRyrS9pSexWgjLaIz3Hkct2jLiWbUbK1PvFlxmz7c1W1Bbqk1bKls02RLkSGoct0iI9hslco3yplhJvEZmRHkL8Tb+qtQ1HvGgRFT7Cu6+dPaM1PQyoo9VeYlpZnvs5IuUQSHmmjdItlRtHgzJOQB2NceqFg2lVrZoVxXPEhT7ylHCoTC9pSp7xIJZpRskZexMjyeC3lv3iwP8ACL0WjX39TV+/oKK+U1NMUybbvIomqLKYqpOxyCXzLGGjWS95FjJ4HINHZue57x0xqV1QJnL6WXxQ9M2XnUHh6VHKaudKR0pcbbpxbXMeFCxQojkfTSqaGXxrbc0O43rrkxpOn9LtSC9VJkt2qqkNTIzzqSccbURtyOqTc2UpI+yI0kQA7zqWrunNHpt0VipXTGYh2XKRCrzykLxBfWhpxKF4TkzND7R9jkuzLwi5SL7tKHcc205ddjMVWnUpNclsOmaOQgKWtBPqWZbJI2mnCzndsmZ4LeOItbdSbGt63OFBYNauWLDuGuXPCkU2nObRPSmygUwjU2RF2RZbXzfyTH7a3X3a+ul7aq0bRu6YtwzqxpCzChM09RqcmOR6i+9KjtEoi218g4RbPd5RJd0AdX2Hwh9G9TJsun2VfEWoSYcM6ito2HmFOxCPByGeVQnl2c7uUb2k7y37yzemdVdP5FAta6GLljrpd6yI0WgySQvZnuyG1OMpQWzkjUhC1FtEXNvwOUbIrVvai6n2ZUaVrvX9RpFuUKszERYVqwYEahx3YRsmxUFtJQtlS1GgkMYNW2yRmkiTtCy2FaWpVO0u4Llbrmpr9WoD9xW91NQDoTEfqHap8k0ZkI+yL2CI09kW/aye8Addzdb9KqbZ6L/n3pBj0B2qnRG5rhLJC5xSVRjYSWztGvlkqRuL+KZ8xZHgvHhFaMWBdJWZd1+QqdVkkyp9pTTq24hPHho5LqEG3GJZ+xN1SM85bhw89b9evrQ+5q5V6bKYoGm95TItGacQourqxLuolSJiU91LEZ1LCFY9k9IPuEMovST1nVzXaztQda6taK7nr0+c1bDFrQ6hJuiny4zbccoLjyDXIWpJdT8mlWG1N79kt4AkAJRGklEeSPmGh9Otfq1qNwjrisOlQY6bIplvrk02obOXKnMZnnFlPNqzjkEuEtpO7slNLURmWBk9Zsy/JnBzRYGn1wO0e5121FpUOo1ojJ6OvkW21uPciatl4kbe9BmRObyyRDR2k9q602XwpqDa1WpmnUCmUfTlqApmiIn8m3SW5yktoaN7nkcqSTM1bjRtH7I8gDsMBQVAFD5hp6gdtNs/npfJquNwnzDT1A7abZ/PS+TVcAbiAAAAAAAAAAAAAAAAAABZrz7UK54tleaULyLNefahXPFsrzSgAsztQofi2L5pIvIs1mdqFD8WxfNJF5AAAAAAAAAAAAAAAABFLwt/vkdr+M7T882JWhFLwt/vkdr+M7T882AJWS5hUULmFQBQyJRGRkRkfORihoSpOwpJGnGMY3D6AAfk5HYe2DdZQvk1EpG0kj2VFzGXQfhH2baD50Ee7Z3l3OgfQAD55NBHtEks4xkfDcaOzt8iw2jlDNS9lJFtGfOZ45z8I/UAB+fIMkRETSN3N2JCw0GxaHbtZuauQUvKfuua1PqCXV7TfKojNRyJCcdink2UZLfk8n3RkQAD80MMttpaQ0hKEY2UkRERY5sF3BVTbas7SEntFg8lzkPsAB87CDMlGkskWCPoHwiMw26t5tlCXHMbaiSRGrHNk+7+kfqAAD5ShKCwhJEXQQ+gAAAAARScNX74Vav5xavyoStJ5v0mIpeGr98KtX84tX5UJWk836TAFRQyJRGlREZHuMjFQAHzybexyewWyfcxuHw5GjvbBOsoXyaiUjaSR7JlzGWeY/CP1AAfJtoM8mgjPGMmXcFCabSe0SCI8YyXQPsAB+TcaOyazaZQjlDNS9lJFtH0n0n4RXkWvwSN3N2JD9AAGPUSxaFQbgua5ISX1Srrkx5VQS6vab22YzcdJITjsS5NpOS35PJ90X1EdhttLKGkJbRjZSSSIix0F3B+gAD4Uy0szNTaTMyweS7grsIyR7JZTuI+gfQAD8kRo6HVvoZQlxzG2skkSlY5sn3R9qbQvBrQR45slnA+gAHylCEnlKSL3CH0AACivYn7ginf++wF78E/2YQlYV7E/cEU7/32Avfgn+zCAErCfYl7gqKJ9iXuCoAChJSRmoiLJ859IqAA+SQksmSSI1c+O6PhqLHYa5FlhtDe/sEpIk7+fdzD9QAHwbTZ5yhJ7WM7ucfLkaO6ttxxlC1NHlClJIzQfSR9z9A/UAB8G02Z5NCTPm3kLBdVjUO736DJqpPpXblXarUPkF7BHIbbcbTt7uyTsvLyW7udAyIAB+SY0dDqn0MoJ1RElSySW0oi5iM+cx9ck3s7GwnZM84xuzzj7AAfOwjCi2Cwv2W7nHw7FjvklLzDayQZKSSkkZJMuYyzzGP1AAUH5pjR0vKkpZQTqyJKlkktpRFzEZ85kP1AAAAABqbhZ/cyape9Op+YUOVuKI7SdSPHcL5KY6p4Wf3MmqXvTqfmFDlbiiO0nUjx3C+SmAJAh8klKTMyLBnzj6AAfBtNmk0GgjSrOSxuMEtNJQTaW0khOCJJFuLHQQ+wAHzsI/kl0j5Nhk3CeNtPKEWySsbyLoz0D9AAHzsI39iW/ee4WGrWRRKzd1BvWZ1R6o24zNYh7Duy3syktpd2047I8NIx0b+kZAAA/NDDLZqU20lJrPKjIsbR9J9Jj65NGCTslguYh9AAPnk0Y2dksCi2WlrS4ttKlI3pMyyafc6B9gAApsp2trBZ6RUAAAAAFD5hp6gdtNs/npfJquNwnzDT1A7abZ/PS+TVcAbiAAAAAAAAAAAAAAAAAABZrz7UK54tleaULyLNefahXPFsrzSgAsztQofi2L5pIvIs1mdqFD8WxfNJF5AAAAAAAAAAAAAAAABFLwt/vkdr+M7T882JWhFLwt/vkdr+M7T882AJWS5hUULmFQAAAAAAAAAAAAAAAHgr852mUOoVFhKVORYrz6CUWSNSUGos+DJDgFPGBaymhO1QrTyaSMz6jf6P88O9bw7U614vk+aUIb0+xR+SX9QjcwrVKTjoduPqOZ90HN8dlc8P3nVcNWq9um2mxMBpfcs+8tOrauyqNstzKvS4019LCTS2lbjZKMkkZmZFk928xlAwHQP7Sdi+9+D5lIz4SEG3FNnQcBOVTCUpzd24xb+pAAAVGWAAABFJw1fvhVq/nFq/KhK0nm/SYil4av3wq1fzi1flQlaTzfpMAVAAAAAAAAAAAAAAGN6k3DOtLT65LppjbK5dIpUqcwl5Jm2pxtpSkkoiMjMslvwZDhY+MD1lJBmVAtPJJM/8Tf6P88O1tcftNXx73p/mFiI5XsF/5s/6hGY+tUpySg7HLe6BnOPyzE0IYOq4KSd7dO5MtbdRfq9vUyqyUoS9MhsSHCQWEkpbaVGRZ7mTFyFjsbtLoPiuJ5lAvgko8DptBuVKLfGyAAA9LoAAAFFexP3BFO/99gL34J/swhKwr2J+4Ip3/vsBe/BP9mEAJWE+xL3BUUT7EvcFQAAAAAAAAAAAB46tKcg0yXMZJJrYYcdSSi3ZSkzLPwCP5PGB6yKJJnQLT3kX/FH/AJ4d93H/AJBqP5m/5tQhob9ij3CEdj6s6WnQ7cfUcy7oOb47K54dYOq4atV7dNtNvvJe9JbpqN76aW1d9XbYbm1imsTH0sJNLaVrTkySRmZkXumYy4a54Ov2i7F8QxP9QhsYZ8G3FNnQcvnKrhKU5u7cYt+eyAAAqMwAAAAAAANTcLP7mTVL3p1PzChytxRHaTqR47hfJTHVPCz+5k1S96dT8wocrcUR2k6keO4XyUwBIEAAAAAAAAAAAMJ1pvKqae6W3JelEajOTqRCVJYRISamzUSiLsiIyMy39JDNhqvhSfc/Xz4qX/rpFFRuMG11GDmdSVHBVqkHZqEmn5Umcko4f2si3UtHQrTLKySZlDf6f88JB2FGtltZ86kkZ/AIYGv8bR/nE/1kJnYv+LNf5tP9QwsBVnU1a3c0Pue5tjc07478qOenTa/RfVf7j9QABIHSgAAAAAAAofMNPUDtptn89L5NVxuE+Ycb6S8KC1r94SrOh8C2qxGqdvVGpNPTX1NdTunCRPaWaSSo19kclJpyXMk843ADskAAAAAAAAAAAAAAAAAAFmvPtQrni2V5pQvIs159qFc8WyvNKACzO1Ch+LYvmki8izWZ2oUPxbF80kXkAAAAAAAAAAAAAAAAEUvC3++R2v4ztPzzYlaEUvC3++R2v4ztPzzYAlZLmFRQuYVAAAAAAAAAAAAAAAAWe8O1OteL5PmlCG9PsUfkl/UJkLw7U614vk+aUIb0+xR+SX9Qicz4x7fUci7qHj4b/P8A6SWrQP7Sdi+9+D5lIz4YDoGeNErFz3vwfMpGeIWlaSWhRKSe8jI8kYk6fiLzHUMt95Ufox+5H0AAKzNAAAAik4av3wq1fzi1flQlaTzfpMRS8NX74Vav5xavyoStJ5v0mAKgAAAAAAAAAAAAADCNcftNXx73p/mFiI5XsF/5s/6hLjrj9pq+Pe9P8wsRHK9gv/Nn/UIjMvGica7p3vvD/Rf3kxljdpdB8VxPMoF8FiscyKy6Dk/+TInmUC+c4lo8Edfw/wCxh5l9xUAAel4AAACivYn7ginf++wF78E/2YQlYV7E/cEU7/32Avfgn+zCAErCfYl7gqKJ9iXuCoAAAAAAAAAAAAttx/5BqP5m/wCbUIaG/Yo9whMvcf8AkGo/mb/m1CGhv2KPcIReZ/B7fUch7qH7TC/5/wDSSx8HX7Rdi+IYn+oQ2MNaaATIlP0BsqdOktR48e3ozrzrqyQhtCW8qUpR7iIiLJme4hnVvXDRLsosO47bqbFRplQaJ+LLjq2m3mz5lpPupPuH3RI0/EXmOoZZ7xo/Qj9yLiAAKzOAAAAAAADU3Cz+5k1S96dT8wocrcUR2k6keO4XyUx1Tws/uZNUvenU/MKHK3FEdpOpHjuF8lMASBAAAAAAAAAAADVfCk+5+vnxUv8A10jag1XwpPufr58VL/10i3W/Zy8zI7OP3fX+hL8LIsWv8bR/nE/1kJnYv+LNf5tP9Qhia/xtH+cT/WQmdjf4sz+Qn+oR+W/C7PWc17l3/df5P9R+oAAlDrYAAAAAAAUPmEU/BU++W3N44u3zjolYPmEU/BU++W3N44u3zjoAlZAAAAAAAAAAAAAAAAAABZrz7UK54tleaULyLNefahXPFsrzSgAsztQofi2L5pIvIs1mdqFD8WxfNJF5AAAAAAAAAAAAAAAABFLwt/vkdr+M7T882JWhFLwt/vklr+M7T88gASslzCo+SUXh5z7grtF4fgAFQFNovD8AbReH4ABUBTaLw/AG0Xh+AAVAU2i8PwBtF4fgAFQFNovD8AptJLn/AKgBabw7U614vk+aUIb0+xR+SX9QlD1D1idrbFfsfSOjIumqwo0hirVA3jbpFHw2rbS/JSR8o+Rc0dolLzjb5IuyEXhYwnHNsljPRgROZ8Y9vqORd1Dx8N/n/wBJItpFaWpGqOl1pUu56k7aVjRqNEjpgUqYZVOutpbItt+UjBxI6yLc0yfKqI+ycRk2x0LRKLSbcpEKgUKnsQKdTmERosZhBIbZaQRElCSLmIiIiGHaB/aTsX3vwfMpGemZFziTp+IvMdQy33lR+jH7kVAU2i8PwBtF4fgFZmlQFNovD8AbReH4ABFLw1fvhVq/nFq/KhK0nm/SYil4av3wq1dx/wCMWr8qErKVFju859zwgD6AU2i8PwBtF4fgAFQFNovD8AbReH4ABUBTaLw/AG0Xh+AAVAU2i8PwChrSkjUo8EW887gBhWuP2mr4970/zCxEcfsVEf8AIP8AqEkWsmsMu+tPryoekNEbr9LiUmc1WbmedNulRkJaVyrMZxJGcyRgjThr7EhXs3CMtg43VewX+Qf9QiMy8aPmONd0/wB94f6L+8kwtTT2+dW7Zo56rzCotoIgRkx7SpcozXPQTSSJdSlowbiVc/UzOy3g8OLd5i3q222y2lppBIQhJJSkiwREXMRCzWN2l0HxXE8ygXszIun4BLR4I6/h/wBjDzL7ioCm0Xh+Aw2i8PwD0vFQFNovD8AZ934AAV7E/cEU7/32Avfgn+zCEq6zIknk8bhFQ+ZfXYCPP/PFH9mkAJWE+xL3BUefq2GlJbUpkt3dcL+8fCqtS0ezqMUvdeSX/eAPWAt6rgoSfZVmCXuyUf3j81XTbSPZ3BTU+7MbL/xAC6ALIq9rOR7O6qOn3Z7Jf+IfkrUGw0ezvSgp92pMF/4gBkADGVanacI9nf1uJ92rRy/8Y/eFf9i1JmZIp150KU1T2Tky1sVFlxMdos5ccNKjJCSwfZHgtwA9tx/5BqP5m/5tQhob9ij3CEnVb1GvTVulzo2jkdFNtYo73VF6VKMam5SCQeU0yMrByM83VLmyyXOgnuYRioPJJMixuIReZ/B7fUch7qHj4X/P/pJFtC9IZeoGmFmVTViuIrVAiUuKukWtHbNqmpQkiNt6akzM5r24j2V4ZQfsWzUW2fSLbaGkJbbSSUpIiIiLBEXQNd8HX7Rdi+Ion+oQ2KZkXOJGn4i8x1DLPeNH6EfuRUBTaLw/AYbReH4DFZnFQFNovD8AZLw/AAKgKZ//ALgMgDU/Cz+5k1S96dT8wocrcUR2k6keO4XyUx1Rwsz/AP8AGTVL3p1PzChyvxRHaTqR47hfJTAEgQCmS6Q2k9JACoCm0n+UXwhtJ/lF8IAqAptJ/lF8IbSf5RfCAKjVfCk+5+vnxUv/AF0jaeSxnI5v4T2rtJrem172LY9Nk3I/ChLar1QhqSUCjESk7SXnz7FcjmIo7e04WcrJBbxbrfs5eZkdm/7vr/Ql+FkdrZkmUlR5wSyPcWe70CUSlRdV9VpMOpVh2oae2fHW0+xTGXElW6qSDJSTlOpNSYbJ4LLDZqdUR4W43lTYi7Z/xtv/ADif6yEz0X/Fmf8ANp/qEflvwuz1nNe5d/3X+T/UfoKim0Wcb/gDaLw/AJQ62VAU2i8PwBtF4fgAFQFNovD8AbReH4AAPmEU/BU++W3N44u3zjolXNReHnLuCKjgqffLbm8cXb5x0ASsgAAAAAAAAAAAAAAAAAAs159qFc8WyvNKF5FmvPtQrni2V5pQAWZ2oUPxbF80kXkWazO1Ch+LYvmki8gAAAAAAAAAAAAAAAAh+4wml1qucNZ+iW2hxVXqEShxaelt7klnJcTstEleS2D2zThWSxz5ITAiKXhb/fI7X8Z2n55sAYefA54wPJ5pF0n/APe7f0oPWc8YH7T3T8d2/pQmJLGBit31u46VUqFGoqqWTNTnlBdOW24pRGbbjm0jZURczRlg+6oj7mDrpwdSWlFmvWjh4a5LbZbeV29ZFB6znjA/ae6fju39KD1nPGB+090/Hdv6UJiEmSiI92egVwXQKC8Q7es54wP2nun47t/Sg9ZzxgftPdPx3b+lCYnBdAYLoAEO3rOeMD9p7p+O7f0oPWc8YH7T3T8d2/pQmJwXQGC6ABDt6znjA/ae6fju39KHQvA74K/CTpFeueFr5WrtottVGFGbXFauRMhdT2XFmpg3kOrdjt4Ps+SNCnCMkmvZIyOQTBdAe4AMXn27QbU07n27bNIh0umQKVIajQ4bKWmWUckrclCSIi6f+0RAJ9ij8kv6h3zwp+EbqbpDdTlpRbaoMqh1ummuHLfQ9ypkojbeSZpWSdpKjzzcykjgbo8BYENmFSM5qMeKvf0HEe6LmdDGYqnh6d9VLUpXVuOm3nuS1aB/aTsX3vwfMpGCcNiw9T9SNB6ha+kLE1643qjAeZTEqBQnOSQ8SnMOmtBEWznJbW/m3jUfBU4Rmp14162NIYFtUEqPR6eluXN2HzfRDjoJO2Z7eztqM0JLdjKuYdqFvISeHqRqU04nUeTuZUMzy+E8Pe0Uou6tukr26yHb1nPGB+090/Hdv6UHrOeMD9p7p+O7f0oTE4LoDBdAvE6Q7es54wP2nun47t/Sg9ZzxgftPdPx3b+lCYnBdAYLoAEMU3gH8NqpVBFXqVgVCXPb2NiXIuaI6+nY3pw4qQai2e5v3dwXT1nPGBnvOkXT8d2/pQmJwXQGC6ABDt6znjA/ae6fju39KD1nPGB+090/Hdv6UJicF0BgugAQ7es54wP2nun47t/Sg9ZzxgftPdPx3b+lCYnBdAYLoAEO3rOeMD9p7p+O7f0oPWc8YH7T3T8d2/pQmJwXQGC6ABDt6znjA/ae6fju39KHVHA84LetMK2LhoPCXqtxNUaRU2pKLedrSZLVUImSTmQ+24txTBHuOMSkoWeTWSywRdw4LoA9xbgBgGsNPgUnQ28abTITESJFtqcywww2lttptMdRJQlKSIkpItxERYIRLq9gr8g/6h2xwq+EbqdY1w3JpNMtqgro1apqkQ5pofJ9cR9s0Gr2eztpVtp5sZSW7eOJv4pp6SwIXH1I1JpLoOFd0LM6GPx8KdK96d4yurb39JMZYx/7y6D4rieZQOauMC0i121atyzYWhseouy6fUpT1RKHWk04yZUwSUbSjcRtltdzJ45x8cFjhG6nas3TGsp+2qDGodEphLmy2UPcsSEJJtpJGpZp2lKx3OZKh1qJWjUjVgpR4HX8lzKhmuEjXw99PDdW4cSHouBJw/HvZ02t7/5d8N/SBRXAT4d697lMnf6d7N/PiYUYZrPcNYtTSy5rit+UmNUYFPcejPKbS4TbhYwrZVuVjPMe4VVKipQdSXBK/wBRO4XDyxdeGHhxm0lfhdu25FX6wThwO/wtLVv/AJd5oP8A8wxX63pw03PZ06KX5V3pP/xGO1NXdSNUNItPq1f9S1fqVRRSGeUbgs0SltPS3NoiS02pacGo9543nhJ4Iz3D95l8asK01k6h0XWx+U0ijrqrDZ0KmLQo0tGvk1LbSaTwZGlRpM95Hgcwp92DkzVowxEZT0TloT0OzkrbfaW/D6mT9PkxOrVVGOJp6nb+Z07fyziYuLl4Y7n8JBpRfl3Vn/uMfBcWbwsnHOWcplsk4Z5NarhI1Z6c7GRMBAdW/BjvuHlbjSFKPwmkjMegdSNaa0uzIfk8WRwrV+zbtVPgVcKj/wDKH6J4r3hRuezXZifyq44f/kiTHVGdeT142daNp3e7bxVtVRXKktQWJS1EwwlaEkl5JpLeo95bx5o1japzGuXicIee82alJ227epii2kqNKiySOclEZGXcMjIWnUepqMW7eb8yShlsXShVq14Q1q6T13spOPwYSXFPpI208VjwmVezl2Kn3aw8f/px+yOKn4R6/Z1SwU+7Unz/APTiQ6GrUG273spubq47dFIuGdMhvMKpMJlBk3CfdSpLjCSPJLaIufHOQ3KKoT132tb/AO+XrLGMwfejhacZqSunHVbi4/CjF3un0ESSOKe4QyvZ1/T1PuzZJ/8Aph+yeKW19V7O69Ok/wD+xKP/ANMJZwFZhkTyOKP1yV7O9NOk/wCnLP8A9ON8cE7i7Kpo7dNZq2r8+2LlpcyNGTHp1Pck8guQ06a0qksrQht9Kc5SlZKIldljJEZd0gALZcCUIt+oJQRERQ3iIi/zZiGlv2KPcISAcKThGanaM3Si3YNt0GZQ63TzciSpCH+V2sGh5BmlZJykzSZbuZaRwAnscEXc3CHzCpGclBcVf1HEu6NmVDGYqnh6d9VLUpXVuOm1uu9iWLg6GX1C7E3/APIMT/UIYBw5tPtWNS9EOtvRmPPeuH1ahSNmFUigudToNfKHyprRu3lktrf0DU/BT4Replz1u1NGaZbdC9SaXDJqVNND5vNw2E9ks+z2dsz2UluxlRbh24W8t4ksPUjUppx6Dp/JvM6GZ5fCeHvaKUXdW3SV7EO3rSuMKY9jSbz/ANC9mz/9WKeth4xNj2FNv8sfyLzR9LExWC6AwXQQvE8Q7et44xxj2MLUovyLwI//AFYp9Q/jJWPYxdVf9G7TP/1QmKwXQQbKf5JfAAIdi0m4ytjmY1eL3LmUf/qRX6nvGYsexTrIX5NfWf8A54mI2U/yS+ANlP8AJL4ABDXWNOuMgrdKmUKu07WKo02eyuNLhyam48y+0osKQtBumSkmW4yPnFnsnR3h7aZMSomntkapW0zOcS7JbpZqYS+tJbKVLJC95kW4s9wTWbKf5JfAGyn+SXwACHg2OM5bLn1v/Q66r/vMfPVHGctdzXH9k8r/ALjExOC6CDBdAAh3Ks8Zy3v2db/0091X/lgd3cZszz/VqLHTR3D/APJExIpgAQ7fVE4zBn2S9ZCx02+tX/pxX6rXGVMeye1d/wBK2FH/AOmExGAx7vwgDjzgq0ThIa06VJTwgr0uKlU1NTlNyYSojlNrNUbI04aefJDamIpFuImSJxzJ5cSWUnt7hA23QLR4Mt3W5a9Hh0ulwKMtqNDhspaaaRtp3JSkiIt+8+k957xuU9xDhXhUcIzU2k1a79Eq3bVBRTJjfJMTG0PE85DcwttwsrNO1gsHuxtJUMfE1I06b1dOxr3KfMqGW5dUde9pqUVZX3cXa/UckM/42j/OJ/rITOxf8Wa/IT/UIXkLNDiXCLelRKx+kSF8F3hF6na43NUIVXtqgwaHR4aVyZMRD/KG8s9lpsjUs07yStR7uZPhEfl9SMJOL4s5t3N8yoYTEVcLUvqq6dNlfhqvfqsay4f2hfCY1V1EtiraIQaw/S4VFcjTThXAmnpKQcg1ERoN5G0ezjfg+jI5d9ZzxgftPdPx3b+lCYncYYLoEwdqIdvWc8YH7T3T8d2/pQes54wP2nun47t/ShMTgugMF0ACHb1nPGB+090/Hdv6UHrOeMD9p7p+O7f0oTE4LoDBdAAh2Lgc8YHkv9yLpL/73b+lD9uL8pVcoXDbiUO5kOJrFOj12JUEuvcqspLbZpdJSyM9s9slZVk88+TEwZkIp+Cp98tubxxdvnHQBKyAAAAAAAAAAAAAAAAAACzXn2oVzxbK80oXkWa8+1CueLZXmlABZnahQ/FsXzSReRZrM7UKH4ti+aSLyAAAAAAAAAAAAAAAACKXhb/fI7X8Z2n55sStCKXhb/fJLX8Z2n55sASkVyp+plJky2kJdebLZabM/ZuKUSUJPwGoyIW6PZFEebJ2uQ2KtNM9pyTMZS4rbwZHsEeSbTvMiSnGC8OTFr1G00o95WjXqTDpsGPUqnFdSzLJhKXEvnvQs1kWfZEWT58ZEclbYuO3apIotc6ugz4jhtPsPPLQpCi/TzdBluMt5DbOTvJ+OewmqdfROPFWu2uvxlte9+w59yw5WVOTNWm6+F52nNbPVZJp7p+C97Wt226STGlIXQ6wdCN9xyE8wqRD5VZqUzsKSlxraM8mktpCk5yZZUXMRYyAjJRZSZGXgHJvA80vqMxup35dlON6BLYTDpqJyOUJ0tolOPJSv+L2KUkru9ljcOq4MCFTY6YkCIzGYRk0tsoJCSyeTwRbucQ+cYKnl+LlhoVNbjxaVlfp6Xw6fLc2Lk3mVbNsBDGVKPNKd2ot3aV9uhbPivJY9AAAiyfAAAAAAADQXDR0y6/9IZNYgx+UqlqqVVI+yWVLYIsSEF/odnjpbIRq434ITRvstSGHI77aXG3EmhaFFklJMsGRl0GQi9vHQKqU/hFK0ZpbS0s1GooOA7jOzT3crJzw8m2SyPwtmIrMKLclOPTt+RyPuiZHOpiKOOw8bubUHbr+D9fDsR1FwC9MStrT+XqFUI5Jn3Q7sxjMt6YLRmSTL8tzbV4SJA6kHgoNHp1vUWDQaQwliDTo7cWM2XMhpCSSkvgIh7xI0qapQUF0HSsny6GU4Gng4fBW/lfS+1gAAXCSAAAAAAAAAAAAAAAAAAAAAAOYeHfpiV06cMX7T45Kn2q4anzIt6oTpklz9RewvwFtiPXG8TN1qlQa7SZlFqkcn4c9hyNIaPmW2tJpUX6SMxGNb2gFVl8IstFJ6Fm1DqSuq3sHvpzf2Q3f9NrZx/SWQicfQbmpQXHbtOPcv8gqVMfRxWGjd1WoP6XBfWvuOw+BRpidh6SM1+fH5OqXYtNSd2iwpEbGI6D/ANAzX/8AUHQY/KNHYiR2osZpLTTKEttoQWEpSRYIiLoIiIh+ok6cFSgoLoOp5bgaeWYSnhKfCCS8/W+17ga64RH2krx8Vuf1kNijBtb6LV7i0mumiUGnuTqhMpzjUaM2pJKdXuwkjUZFk8d0yIWsXFyw9SMd24v7ifyecaeY4ec3ZKcG2+CWpHDnGZ2dVrq4PyJlOiMvs0SstypHKOJSaOVScdpSSPnPlHklu5iMz5si8cHi2KhaXAWYp1QjNMHJtypVJhDSyUnqeSlbzR7uYzSsjMu4ZnkZrwhLN1O1l0nrWnlJ0huynSqo9CcbkyihKbQTMtp8yMkyc70tmReEyH6UO1dUaLoLA0nPRy7HqhCtRqgdUkcFLC3kRSZ2yzI2iSZlnmzgfJOG5O8p3yTwmT1MFNSp4rW1pd1DSmpN8PGlJdnA3bA4SNLNI4iVSCj4O/OQ69/hdR2BSv8AJkT/ADDf+qQ9Y89PaWzAjMuJ2VoZQlRdBkkiMegfXxzuo7ybRra9slrHpuZc+zWvkrYxxi+ato/O+ppKsarVmdWqpU5FquU82uQqKXHHJimnnFrLqZbXKLJallsmhBKQalGaCvmqZXFTL4sq7qNZtXuKNSDqTctmmGxyrfLMIShWHnG0mWUmR78+AYtc1yXRcd62deH1FtQY/WnImv8AU/I01XVPVEVTGNrqwtnZ2trmPOMCwpqE5X6+p9SJqrg6mMw2HlRcXaDTvOKafOTfBtPg0+0ubFryrLlaMWzOkNPy4VRnFKcZIybU+qmS1uGjO/Z21KxnfjGRuYaecr12X1qFZEhelN00GHRKhMmS5dTOGTSULgvspIuSfWozNbie5+kbgHtJ3cn5fUjHzOm6MKFKTV1B3s07f4k3xTa4NPtKgAC8RQAAAGiOGRpgeomj02dBj8pVbZM6rE2S7JTaU4fbL3W8njpQkRnc57jzkTSutoebU24hK0KI0qSoskZHzkfgEX2oWglUpHCJVpBRmlIZrFRbVS14ySYTxmol+42knCP/ADRiLzCi21OPTt+RyTui5JOpXo46hG7m1B+f4P18OxHTPAH0x637Fn6j1COaZlyu8jENRb0wmVGWS/Lc2j8JISOqxbbcoVNtig0+3aOwTMGmRmokdBfxW0JJKf04L4RchIUaapQUF0HSMmy2GU4Glg4fBW/lfFvtdwAALhJgAAAAAAAAAAAAAAAAAAAAAAcjcYBpiVWtil6o09jMmiLKBPNJbziOq+xrPwIdPH/1R1yLPeFsUy87XqtqVlslwqtEciPljeSVpMtovCW4y8JELVenztNwInPMsjm+X1cHLjJbeRrdP6/QQ383OeCLeYk/4JOmP1M9HqY3Nj8lVq6RVaoEacKSpxJcm2f5LZILHSahxTo3oVU7g4QzemlxRTUxbk5x+s9j2KmI6yP4HFcmReBwSeoIkpIiIiIi7nMMDL6LTdSXm/M553OcllSqVcfXjZxvBef4XqX1n0AAJQ6yAAAAAAAFD5hFPwVPvltzeOLt846JWD5hxtpLwXrYsLhLM64wLmq8qp3DUak69CeQyUdo5qJ7qySaUkvsTjJIsme5R5zuAHZQAAAAAAAAAAAAAAAAAALNefahXPFsrzSheRZrz7UK54tleaUAFmdqFD8WxfNJF5FmsztQofi2L5pIvIAAAAAAAAAAAAAAAAIpeFv98jtfxnafnmxK0IpeFv8AfI7X8Z2n55sASslzC1VW1rcrchqVWKDTZzzP8G5JiNuqR7hqIzIXUuYVFUZSg7xdmUVKcKsdM0mvKfLaEtoJCEkkklgiItxEPoAFJWAAAAAAAAAAABjcqwbcmX5B1GfhEqtU+nPUxh7O4mXFpWe7pIyMiPuEtZd0ZIA8aT4lE6cKqSmr2afauDAAA9KwAAAAAAAAAAAAAAAAAAAAAAAAAAxtiwLbjX7K1IahEVbmU1ulOvZ3Gwhw1lu6TMyIz6EpLuDJAHjSfEonThUs5q9ndeR9YAAHpWBTn5xUABTBdBBgughUAAAAAFMEfORBgughUABTBdBCoAAAAAAAAAAMcm2FbtQvim6hSIRKrNKgyKfHez7Fp5SVK3dJbKiI+4S19IyMB40nxKKlKFVJTV7NPtW6fYwAAPSsAAAAAAAAAAAAAAAAAAAAAAAAAAAAAMcpdg25R70rV+QoRIq1fYjR5juc7SGCUSMF3DMlFnp2U9AyMAHiSXAt06UKSagrJtvtbu32vcAAD0uAAAAAAABQ+YaeoHbTbP56XyarjcJ8w09QO2m2fz0vk1XAG4gAAAAAAAAAAAAAAAAAAWa8+1CueLZXmlC8izXn2oVzxbK80oALM7UKH4ti+aSLyLNZnahQ/FsXzSReQAAAAAAAAAAAAAAAARS8Lf75Ha/jO0/PNiVoRS8Lf75Ha/jO0/PNgCVkuYVFC5hUAAAAAAAAFDPBZH5nJYI8con9Yh9q5v0iI/WWTITq7eyUyHSIrhqBERLPd/hC/CMbE4jveKdr3NX5T8pPa5Sp1eb16m1xta3YyWzqpj8In9Yg6qY/CJ/WIQxdVSv5y9+0V/eHVUr+cvftFf3jE9kvmen9DTfdR/pft/2kzvVTH4RP6xB1Ux+ET+sQhi6qlfzl79or+8OqpX85e/aK/vD2S+Z6f0Huo/0v2/7SZ3qpj8In9Yg6qY/CJ/WIQxdVSv5y9+0V/eHVUr+cvftFf3h7JfM9P6D3Uf6X7f8AaTO9VMfhE/rEBymcHhxP6xCGLqqV/OXv2iv7w6qlfzl79or+8PZL5np/Q891H+l+3/adyawcK+8tGNfapbzkZit2x1LBcOCsybdZUtkjWpl0i3GZ7zSolEf9HnG+9KteNN9X6d1TaddR1Y2jbkU2VhqWx+U2Z9kX9JJmnwiJxbi3Fba1qUrpUeTFUOLbPaQo0mXMZHgy/SLMcfUjNt7rq/UhsH3Q8fhsVUqTjrpSbai3vG/QpW4LyprqSJoOqmPwif1iDqpj8In9YhDF1VK/nL37RX94dVSv5y9+0V/eL3sl8z0/oTXuo/0v2/7SZ3qpj8In9Yg6qY/CJ/WIQxdVSv5y9+0V/eHVUr+cvftFf3h7JfM9P6D3Uf6X7f8AaTO9VMfhE/rEHVTH4RP6xCGLqqV/OXv2iv7w6qlfzl79or+8PZL5np/Qe6j/AEv2/wC0md6qY/CJ/WIOqmPwif1iEMXVUr+cvftFf3h1VK/nL37RX94eyXzPT+g91H+l+3/aTO9VMfhE/rEHVTH4RP6xCGLqqV/OXv2iv7w6qlfzl79or+8PZL5np/Qe6j/S/b/tJneqmPwif1iA5TH4RP6xCGLqqV/OXv2iv7w6qlfzl79or+8PZL5np/Q891H+l+3/AGnbeoXC8u3SDX257WqcJuu2sxIj8nHIybkRSVHaUrknOZRbRmeyvO89xpHR2mGtGnmrtN6vsyvNyHUJJUiE79jlR/Ato95F/SLKT7hmIklrW4raWo1GfdM8mPZRq1WLeqces0KpyqfPiq22ZMV1TbjZ+BSd5CzDHzjJt7r/AJ0kPl/dCx2FxU5VlrpSk3pb3im72UvJ1PbqsTNEeRUco8FLhJ6p6lzUWtddmSq1HY7By44aEtIYwW4pBHhClH/8Psv6B7zHVwlqVWNaOqJ2HKs1w+cYZYrDX0vrVv8A72XQAAFwkjkPha8I3VHSHUan25ZdTgsQZNIbmrTIgofVypuupMyUZ5IsITuFx4IHCB1K1iuqv0u96jCkRqfT2pDCY8JLBk4p3ZMzNJ7yx3BqDjBvtxUf3us/KHxeOLt7eLt8Ux/PmIpVZ996Lu1/Uclo5vjpcrng3Vlzep+Dd2tp6jvIAASp1oCgqOW+FXwkNTtLXDt+07Kk0xiQWwi5ZjaXWHFGXsWEllBKL/4p56EYwYt1asaMdUiOzTM6GUYaWKxF9K6k2/8Anldl5TeGpesGn+k1K9U71r7MM3EmceKj7JJkGXcbaLsle7uSXdMhzPaHDDuvVnXa1LToEBNCtiTUFIeaXsuSpaCZcMuVX7FBZIj2UdG9RjjOu1+uXNVH61cVWl1GoSVbT0mU6bjiz8Jn3OguYu4Q8CVKQoloUaVFzGR4MhE1MdOclp2Rx3Mu6FjcXiYOgtFKMk7J7ySd7OXRfqS89yaEpTGC+yJ/WIOqmPwif1iEMXVUr+cvftFf3h1VK/nL37RX94veyXzPT+hMe6j/AEv2/wC0md6qY/CJ/WIOqmPwif1iEMXVUr+cvftFf3h1VK/nL37RX94eyXzPT+h77qP9L9v+0md6qY/CJ/WIOqmPwif1iEMXVUr+cvftFf3h1VK/nL37RX94eyXzPT+g91H+l+3/AGkzvVTH4RP6xB1Ux+ET+sQhi6qlfzl79or+8OqpX85e/aK/vD2S+Z6f0Huo/wBL9v8AtJneqmPwif1iDqpj8In9YhDF1VK/nL37RX94dVSv5y9+0V/eHsl8z0/oPdR/pft/2kzvVTH4RP6xB1Ux+ET+sQhi6qlfzl79or+8OqpX85e/aK/vD2S+Z6f0Huo/0v2/7SWTVDXHTjSOm9W3fX225DiTVHgR8Oy5H5DZHnH9JWEl3THPelvC2u/WPX+gW1DiM0K1llMUqJknH5OxGcUg3nT5sGRHsowWec1DhtS1rUalqNSj5zM8mYIWttRLQo0qLmMjwYszx9Sck1sl0ELje6Hj8Viac4R0UoyTcU95Wd7OVuD8it1pk0PVTH4RP6xB1Ux+ET+sQhi6qlfzl79or+8OqpX85e/aK/vF72S+Z6f0Jn3Uf6X7f9pM71Ux+ET+sQdVMfhE/rEIYuqpX85e/aK/vDqqV/OXv2iv7w9kvmen9D33Uf6X7f8AaTO9VMfhE/rEHVTH4RP6xCGLqqV/OXv2iv7w6qlfzl79or+8PZL5np/Qe6j/AEv2/wC0md6qY/CJ/WIOqmPwif1iEMXVUr+cvftFf3h1VK/nL37RX94eyXzPT+g91H+l+3/aTO9VMfhU/rEP15xEBptJknqJaxHIdMjrlPIyNZ/zlsS/lzDLw2I74TdrWNx5L8pfbJTqVOb0aGlxve/YioAAyTaQAAAAAAAofMNPUDtptn89L5NVxuE+YaeoHbTbP56XyargDcQAAAAAAAAAAAAAAAAAALNefahXPFsrzSheRZrz7UK54tleaUAFmdqFD8WxfNJF5FmsztQofi2L5pIvIAAAAAAAAAAAAAAAAIpeFv8AfI7X8Z2n55sStCKXhb/fI7X8Z2n55sASslzCooXMHMAKgKc+8hUAAAABQyyQ5zuXgMaU3TcVUuao1650SqtMenPpaksEhLjqzWokkbRmRZM8ZMx0FU6rTaNEXPqs1mJHbUhKnXlklJGpRJSRmfSpSSLwmQ9QonThUVpq5H47LcFmiVPFwU9O6T6LnMP1vrRzvhuz96j/ADIfW+tHO+G7P3qP8yOnwFrvWj8VEb7U8k+TROYPrfWjnfDdn71H+ZD631o53w3Z+9R/mR0+Ad60fioe1PJPk0TmD631o53w3Z+9R/mQ+t9aOd8N2fvUf5kdPgHetH4qHtTyT5NE5g+t9aOd8N2fvUf5kD4vrR3HbDdn71H+ZHT4B3rR+Kh7U8l+TRIstbdFk2XrRI0t06g1itKKPFcjsqST8lxTjZKV7BKSwRnz4IiLnPujdmlPAAl1CEVU1crz9OW6jLdMpS0KdbPpdeUSkZ/ooIy/pdwdnxrdoUOrza/FpMVqpVFLaJctLRE88lBYQlS+cyIi3FzC4kREWCFmOApqTlLfydBDYTkBltLFVMTiFqTbcY8IxV9l1v7vIcw/W+tHO+G7P3qP8yH1vrRzvhuz96j/ADI6fAXu9aPxUTPtTyT5NE5g+t9aOd8N2fvUf5kPrfWjnfDdn71H+ZHT4B3rR+Kh7U8k+TROYPrfWjnfDdn71H+ZD631o53w3Z+9R/mR0+Ad60fioe1PJPk0TmD631o53w3Z+9R/mQ+t9aOd8N2fvUf5kdPjyVSq02iwnKlVpzMSK1s7bzyyShO0oklkz6TMi90w71o/FQfJTJIq7w8bf88pzX9b60c74bs/eo/zIfW+tHO+G7P3qP8AMjp4jI+YxUO9aPxUPanknyaJzB9b60c74bs/eo/zIfW+tHe+G7P3qP8AMjp8A71o/FQ9qeSfJokVOqOjUuia3VjSbTem1atqhOMojNbJOyFJWy2s1LNJJSREaz7IyIiLnMdF6M8AqLFOPXtZJhSndyyokJ0yaSfQ88nBr8KUYL+kodcwrcoVNnz6rApMWPNqjiXZshtpKXJCkpJKTWrnVhJERZ5sC5C1TwNOMnKW/k6CGy/kFl2GxM8TiFrvJuMfgxV9lbpsuvbyHgo1Co1u02PR6DS4tPgxEkhiNGaS222noJJbiHvABmm9Rioq0VZAAFDMiA9I9uMG+3FR/e6z8ofF44u3t4u3xTH8+Ys/GC/bho54PtdZ+UPi78XcZFfF2+KY/nxDL372+o4pQ/jd/Tf4Wd5gKEZHvIVEydrA8VWo1KrtOfpNZp0adCkoNt6PJaJxtxJ9xSVbjHtADyUVJaZK6OOtZ+AZTp5P17RyYinyMGtVGmOGcdfgZdPKmz6Eq2k+FJDmrT7RqoztbaFpTqTSqrRFVCUpmQ3gmntgm1qJTalEpKiM0l2RbRGQlZMslgW+oW7QqtMgVGp0mLKlUt7qiE860Slx3Nk0mpCj3pMyMyPHORjCqYGnKSlHb7jRsy5BZdi8RDE4daGpJyj8GSvurdF11beQ5xLi+tHcF/vhuz96j/Mh9b60c74bs/eo/wAyOnwF3vWj8VEx7U8l+TROYPrfWjnfDdn71H+ZD631o53w3Z+9R/mR0+Ad60fioe1PJPk0TmD631o53w3Z+9R/mQ+t9aOd8N2fvUf5kdPj4ddbYaW88tKG20mpSlHgiIiyZmHetH4qHtTyRf8AbROY/rfWjnfDdn71H+ZD631o53w3Z+9R/mR0vAnwqrBj1OnSm5MWW0h9h5tW0hxtREaVJMucjIyMj8I9Ad60fioLkpkjV1honMH1vrRzvhuz96j/ADIfW+tHO+G7P3qP8yOnwDvWj8VD2p5J8micwfW+tHO+G7P3qP8AMh9b60c74bs/eo/zI6fAO9aPxUPanknyaJxHqlxfzkOn+qOklwyJj7KPslOq60Ep7wtPJSlJH/RWWP6RDRej+iz10a3U7SjUen1eiKkJknJaJJMyEcmytaTSa0mRpM0lvIjIy5jEqAt0u3aHOqkGtzKVFeqFMNZw5S2iN2PtpNK9hXOkjSZkZcxi1PA03JSjt5OghsbyAy2tiaeIw60JSTlHjGST3XWrrs8nSc4/W+tHe+G7P3qP8yH1vrRzvhuz96j/ADI6fAXe9aPxUTPtTyT5NE5g+t9aOd8N2fvUf5kPrfWjnfDdn71H+ZHT4B3rR+Kh7U8k+TROYPrfWjnfDdn71H+ZD631o53w3Z+9R/mR0+Ad60fioe1PJPk0TmD631o53w3Z+9R/mQ+t9aOd8N2fvUf5kdPgHetH4qHtTyT5NE5tovAP0loNZp9dh1+6Vv02WzMaS5KYNJrbWS0kZE0R4yks7x0iWcb+cVHk9VqYdTOi9XM9XEwUo4+2XKE0ajSS9nn2dojLPSLkKcKStFWJLA5Zgsqi44SmoKXG3Sz1gAC4SAAAAAAAAUPmGnqB202z+el8mq43CfMNP0DPXRbO4/8AHS+TVcAbhAAAAAAAAAAAAAAAAAABZrz7UK54tleaULyLNefahXPFsrzSgAsztQofi2L5pIvIs1mdqFD8WxfNJF5AAAAAAAAAAAAAAAABFLwt/vkdr+M7T882JWhFLwt/vkdr+M7T882AJWS5hqvW2870pHqZbemzbb9wPm7WnmjTtZp0LZceb3Zwp9Rtx0n0umfcMbSUrZQaiMix08w0ZpzqjppWLkufUmt6jWxFeqkr1KpTMirx0OM0yItSEGaVLI0m68bz2D50qb6BYryVlC9r9Pk6fy7SZyfDycp4vmucVO3g2bTk9op26OMupqNuk3Hbdfpt00CnXHR3yeg1SK1Mjr6W3EkpOS7h4PeXSLmNO6I3VazFzXTpjblyUqqwKe/6t0dUGa0+lEGWtSls/Y1HjkpHKlg+ZDjQ3EK6U+cgmYmY4R4HEypWaWzV+Olq8b+WzV+p3QFBUeefNiU6E/PnPoZjxmlPPOLPCUISWVKPwERGYuGA2krs5E4wDVE4FKo2ldKmGh+etNVqJtqwpLLasMJ3dLhKX/8ATSN8cHjU1Oq+lNFud54lz0NdRVIu6UtrCVmf5XYrLwLIRqaw6hSdUtR65e76lk1UJJ9SNq/4KKjsWUfoQRGfhMxvXgFan9bl9ztOahJ2YdzN8tESo9yZrSTPBflt7Re62kRNHFasS78Ht+X/ADynIsn5Wd8cpqkpP/Cq+AuzxH2u/wD5EgIChHksioljrwAAAAAAAAAAAAAAAAAAAAAAAAAAch8P7U86bbtJ0sp0rYkVdwqlUNg8GmM2rDST/KdI1f8A0vCOtpcpiDGdmSnkNMMIU464s8JQhJZUoz6CIjMRK616iP6p6m1y9FrUcaZINuChR/wcRvsWU+DsS2j8KjGFjqvN0tK4s0Tl/m/sflne0H4dXb/KvG9S7SR/g26mp1V0ko1wyHiXU46PU+pFnf1S0RJUo/y07K/9MbREe/AO1P62dRZWn9RkbMG6WsxyUfYomtEZp/Xb20+E0oEg5GRlkjF3C1eepKT49JL8k829mMrp1pPw4+DLzrp7VZ9pUAAZBsgAAAAAAABgWuVgvalaY1u1YLzjNQdYN+nutuGg0Sm+za3kZbjMtk/AoxnooY8lFSTi+ks4ihDFUZUKniyTT8zIYajIqL8lSao9IcfZM2lE+tSloMjPKT2jMywedw/aiFWn6ixTqC7KTMnOojNIjuKQp1a1ElCOxMs5UZDcfDKsOFY2t1RVTSQiLcDCK0hpJY5NbqlJdT+lxC1F+X4Bd+A1YUO7tYyrtR2VM2tEOottKLO3IUrk2j/0TNSvdJI15UXzvNdNz5wpZNXlnSytvwtem/k6/q3O9NLLKRp3p9Q7OKQuQ7TYiUSH1rNannz7J1Zme/etSjLwYIZWKEWCwQqNhSUVZH0jRpRoU40oKyikl5kAAB6XAAAAAAAAAAAANE8MbU89O9IJsGDK5Kq3Mo6VE2T7JCFJy+4XuN5LPStI3qZ4LIjT4Z2px6gavyqTCk7dLtVJ0tgknlKnyPMhZf6eEe42QxcZV5qk7cXsanyzzf2Jyqbg7Tn4Me3i+xX7bHSnAU1OK7NM3bInyNqoWm4TLZKPeqE5lTP6pktHgJKR0yIsODBqcelur9Hq0qQbVKqKvUup7+x5B0yIln+Q4SFe4RiU4jyQ8wVXnKST4rYschc29k8qjTm/DpeC/N8F/Vt2MqAAMs3MAAAAAAAAAAAAAAAAAAAAAA+XFpbQa1qJJEWTM+Yi6RHxE4TKlcLdWoipxlbT7/W9jPYlTNrYS5+0w/8ApMdM8L/U/wCpxo7UWYMnkqtcRnSYWFYUklpPlnC/Jb2t/SpIjH3by2d3NjwdAjcdXcJRjHo3OV8vuUNTBYqhhcM/Cg1N+f4KfZdvzommSolJIyMj8JD6GmOCXqf9UzR6mOzZJO1ah/7kz9o+yUptJcm4f5bZoPPSShucSEJqpFSXSdJwOMp5hhoYql4s0mu3o7OAAAFRlgAAAUPmEYPBiva86pxiNetip3dWplHiVa6Ex6fIqDrkZkmlvpbJDSlGlOwS1knBbiUrHOYk+PmEU/BU++W3N44u3zjoAlZAAAAAAAAAAAAAAAAAABZrz7UK54tleaULyLNefahXPFsrzSgAsztQofi2L5pIvIs1mdqFD8WxfNJF5AAAAAAAAAAAAAAAABFNwt/vklr+M7T882JWRD9xhNPrlW4az9KthL6qzMiUOPTiYd5Jw5S07LWwvJbKts04VksHvyQAl+USFpNC05I8kZGWSMhZesizOc7To/k5n0REkfBk4xXJ5p2oJ/8A3mn6WKetk4xT2t1B+OafpY8cU+JchVnT8STXmJeKbbtv0d9UmlUSBDdWnYNceIhtRp3bspSR43ELltF4fgEOvrZOMU9rdQfjmn6WHrZOMU9rdQfjmn6WCSXApnOVR6pu7JitovD8A0zwrS1AqWlMy1dOLaqFWqNfcTCkHESWWImNp0zNRl7IiJH+kYjb9bJxintbqD8c0/Sx3dwB7C1s0+0ur1K11YrLVafr65EUqrVCnOdSnHZSWysnHMJ20r7HJb8njePJx1xcesw8dhe/cNPDuTjqTV1xSfGxwTdFr3DZtbkW7dVJfplTjEg3or5ES0bSSUnODMt6TI+fujJ9KrF1Xr1VYu3TC2KjUpNvzWXyfikkyZfSe2gjyoufZ+DIzDhl/dFXR+RB+SNDffF0kXWxee7/AJRieZUIKnRU6/NX239BwPK8io4jlDLLNbUYymk1a/g3s+FujqOsbfqMqrUOBU51Mep0mVGbeehvFhyO4pJGptXhSeS/QPeZ4GMX7qTaOm1OZnXPUVIdmudT0+BHZVIm1F/G5mNHQRuPOH0JI8FvMyIjMuK+GNY3DT1lkWpXtO7TqtCgMomkVIpNwJjzo6FG1sLnuJfQ0pxeyey01tk2RKI3FGrdPn0LFNJJu533tF4fgDaLw/AIdfWycYp7W6g/HNP0sPWycYp7W6g/HNP0sD0mK2i8PwBtF4fgEOvrZOMU9rdQfjmn6WHrZOMU9rdQfjmn6WAJitovD8AbReH4BDsXBm4xUj3U7UEs/wDXJP0saz07c4VOq10y7K08vC/KxWoDL0iREaud9tTbbThNuKy4+lJ4WpJbj7u4ATq5Lw/AGS8PwCHX1vHGOI5oOpX6LvL6UH1AeMfTvKHqf+i7v/8AqAExWS8PwBkvD8Ah1+oVxkSeaJqn+i7T+lB9RHjJE7+pNVvjWZ/+qAExWS8PwBkQ7fUb4ydP/FtWt3RdJ/ShT6kvGUo5o+rv6LmV9JAExWQEOxaW8ZYjmZ1gL3LkV9IGz+DHYnDwpWvdlztUG9TitVietVU9U60p6LyXIOkXKI5ZW0W2aO4e/AA7c4Ux3/M0nn21pxblQqtUryip7vUZFliKojN5Zmai9kktgvy/AIzbqtO47JrT1vXXR5FLqTCULdivkRLQlRbSTPBmW8jI+cTIEWSLaIRm8Njdwh69+awPkyBGZhSVlUv5DlXdJyyPMwzFzbldQS2slaT6r3uuswHS+xNU7lqSbj0xtqoVKVQJTD5vRCSfIPEe23nKi59g/wBBGJXbXqc6s27TqrU6S/S5kqM27IhPFhyO6aSNbasGe8lZIci8Xe/Hi2/f0qW820yzJguOOOKJKUJJp4zUZnuIiLeZmNoahajX7rFZdy0Hg7UgpEB2lzY/XbKUpqLId5JaSZphEpCpLhq7EpG0hhB9kS3DSaRdwNJQp60+JL9z/K4YTLVjITb53inayabSa2vwN+7ReH4A2i8PwCHRHBk4xUkJI6bqCR7JbuvNJ9z87FfWycYp7W6g/HNP0sZxvxMVtF4fgDaLw/AIdfWycYp7W6g/HNP0sPWycYpnHqdqDv3duafpYAmKIyPp+AVEXXFjX5qDVOENcdtXddleqzaLalktipVV+Ull5mWwkzSla1JJWTUWS7nuiUUAAAABHrxg324qP73WflD4vHF29vF2+KY/nzFn4wb7cVH97rPyh8Xji7e3i7fFMfz5iGXv3t9RxSh/Gz+m/wALO8gABMnawKGeBUR6cbBfV3Wm9prFti6KxRUPoq70hdOqD0Y3dnqYiJfJqLaIsmZZzjJ9IAkK2i8PwBtF4fgENdK4PHGC1ulw6zS41/yIU+O3KjOpvIiJxpxJKQrByiMspMjwZZHq9bJxintbqD8c0/SwBMVtF4fgDaLw/AIdfWycYp7W6g/HNP0sPWycYp7W6g/HNP0sATFbReH4A2i8PwCHX1snGKe1uoPxzT9LHvt/g1cYVGr9Lkz6dfxRWZ8Zx/bvFKk8kl1JryXVW8tkjyXdAEqep1YuWh2HW6hZ1FkVWuIiLTTosciNa5CuxQe8yLCTPaPwJMRT33p/flhT2Wr9t+fS5dQSuQ11Zs7bxErCl7jP+Me/PdMTAFzbxwnxihEV32dj2sleeQI/MKalDnL8PWc67omVwxGB7/lN3p2SjtbwpJN8L37eg5is2xrt1AqjlFs2gSqvNbYVIWxGJJrJojIjV2Rluyoi/SJSNBp96zdLaG1qHRJtMr8FjqGY3KSRLdNrsUu7jPO2gkn7u0OMuL/x9WqoZ73ZPn2B15cGsE6tVqVY2itGj3RXYbvU9RqLrpoo1FX3SkyE/wAK8Wf8WZy5/LNoj2hTl9O0XUvx6DH7m+WRp4WWYRm7ybi47W2as+u/b0m0tovD8AbReH4BEHXuDVxh8iu1OQxDvt5p2dIWhxm7UtNrSbqjJSEdV9gkyMjJP8UjIu4PD62TjFPa3UH45p+liSOmkxW0Xh+ANovD8Ah19bJxintbqD8c0/Sw9bJxintbqD8c0/SwBMVtF4fgDaLw/AIdfWycYp7W6g/HNP0sPWycYp7W6g/HNP0sATFbReH4A2i8PwCHX1snGKe1uoPxzT9LD1snGKe1uoPxzT9LAExW0Xh+ANovD8Ah19bJxintbqD8c0/SxiOp+n3DR0at5q6tS6nflDpT8tEFuS5di3SU+tKlJRhqQpW8kKPOMbgBNxtF4fgDaLw/AIWLF0e4dOpdqU++LHev6q0OqoW5DmIu420upStSFGSVyUqLCkqLeRcwvvrZOMU9rdQfjmn6WAJitovD8AZLw/AIdfWycYp7W6g/HNP0sdQ8AHSPhR6e6j3LU9d4tzNUmVQ0MQjqteKc2ckpCVGSUE85sq2CPfgt27IAcNC1NYdQr7en06xKw5alqQVJZlklHJLynlJD/ss43Enm5m/COQMljOd2M58Al81cIvqV3juL/IFQ+TOCIM/4M/yP+4QmPp83PVficI7oGVxwOYRrqbk6t2722tZJKy4JbHY3AttXWHTu9+UrFiVdm1bpgp5SWpKeSbWlPKR3jwozwZGpOcf8IXQO4s4GC2zdFt2ZpBQbkuutQqTTIVCgLkS5bqW22y5BBFlR90zwRFzmZkREZjnvhRP8JDXnSSY1odZtWolM6uhuw3H5SqdW6sgnMm402bjZxI5F2X2Y+VcLdyaC3nK0KSpQUUzrnJ7LI5TgIYenNyjxV7bX3srJbXu+06+2i8PwBtF4fgEOvrZOMU9rdQfjmn6WHrZOMU9rdQfjmn6WLxNkxW0Xh+ANovD8Ah19bJxintbqD8c0/Sw9bJxintbqD8c0/SwBMSZl4efoEVHBU++W3N44u3zjow4uDJximSxTtQfjmn6WP24vynV6kcNqJSbpS+mtQo9dj1En3eVcKUhs0ukteT21bZKyrJ5PfkwBMIAAAAAAAAAAAAAAAAAACzXn2oVzxbK80oXkWa8+1CueLZXmlABZnahQ/FsXzSReRZrM7UKH4ti+aSLyAAAAAAAAAAAAAAAACKXhb/fI7X8Z2n55sStCKXhb/fI7X8Z2n55sASsERdBc4rguggLmFQBTBdBBgughUABTBdBAZYLcKih8wAjE4Zn3RV0fkQfkjQ2NwK61qO1b9z21prbUZ2dUJ0db1cqiv9zaW2TSi2ltoUTsl4+dLKNkjxlbiCxnV/C7eqL3CFu1VThNRXCdjobQ2/ypKZTHbJtZnslhSkESjTv2TPGTxkdDcXT2sXn4xieZUIah77fnZxXIv4zq/Tq/6joOwtIaJZ1ReuurVCZc14TWuSm3DVdlUlSM5NlhKSJEVjPMy0SU8xq2lZUeeYLoFQEydqKYLoIMF0EKgAKYLoIMF0EKgAPlRFjmLnIRUcWhv4Xl5+Jaz/aLAlYVzfpIRUcWh915efiWs/2iwAJV8F0EGynoIVAAU2U/yS+ANlP8kvgFQAFNlP8AJL4A2U/yS+AVAAU2U/yS+ANlJcxEKgAAjN4bP3Q9eP8A+VgfJkCQPUNjUyosQqNpzOpNJOY4tNQrM5ByHIDJEWDjxsbDzqjMyI3FEhGNpSXPYHHBwp7VYszWir0FmrVWqKbjw3Xp1UlqkypLy2EqW44s8FkzPclJJQksJSlKSIhg5h+yXnOfd0r90Q//AKR/DI2rwIdL7f1IhXQV3vzZ1Gp8yEtdCN7Zp8540uGhyU2RZfJGz2LazNvJ5UhRkky72ZZajtIYYaS222kkJQlJESUkWCIiLmLwDjni5v8AI18/nlP826OyRdwf7CP/ADpJfkT+4cP5pfikUwXQQYLoIVAZJtRTBdBCiiLHMXOX9Y+hRXN+kgBFRxaX3Xd5eJqz/aLIlYEU/Fpfdd3l4mrP9osiVgAAAABHrxg324qP73WflD4vHF29vF2+KY/nzFn4wb7cVH97rPyh8Xji7e3i7fFMfz5iGXv3t9RxSh/Gz+m/ws7yAAEydrAjT44M/wDDtNC/+SrR/wDbGElgjQ44M/8AdLTUv/kK1/rRgBIDpCki0oswsc1vU35K2MsUaUJNRkWCGK6SljSyzi6KBTvkzYtuslbqUO2WrYt582q7dstFDpy07zZN0jN6RjoaYS65npSku6KZzUIuTL+Fw8sVWjRi7XfHoS6W/Ilu/IZzHfjy2ESYzjbrTqSUhaDJSVJPmMjLnLwj9MF0ENYaLIO0PVfR1911RWi42dIU8o1Ldo75GqMZqPeo21JdYM//AIJdI2gPKc9cbleNw3eleVJO64p8LxavF26Lpp26CmC6CDBdBCoCsxQOEuMV7cLO8WSvPIHZ96v3oxQHusCDSpNacWhpj1UecbiskpREp1fJka1khOVcmnZNZkSdpOdouBeGrZdStG4rYduC8apc9aqcGQ9OnzDJtraS6kktx4yT5OMykjPCE5M85WpasqGHjv2D7PvNO5e/uKr54/iRZeBzZTF/aozben1yr06nror7k5umSjjOTWCeZI4y3kfZENqMyNXJqSoyTs7REZkckNvW7QbTo0S3bZo8OlUyA2TUaHDZS0yyjoShJERdPu7xwDxf326qh73ZPn2BIePMv/Y9pjdzv9yr6UvUUwXQQYLoIVAZpvRTBdBBgughUABTBdBBgughUABTBdBBgughUABTBdBDjHjWyL1uFG3f88IPyeSOzxxhxrf3ONG9+EH5PJAGyuL+Ij4H+nG7/icz5dIHQmC6CHPfF/fcfacfmcz5dIHQoApguggwRdwVAAYlq39qu8fEFQ+TuCIPdsb+bY3/AACUbX6m6nV62rjhUqtwbetOFQZUqZKjp5epVJwmXDOKglp5OMzgiJbnZuLJRpSTeNs4uT3oM+lB/wBQiMz4x8zOOd0/3zh/ov70Se6QaPR51Hta/NSa0u7KxEp0R6jsvs8lTqKg2U7HUsbJp5Yk4JUhw1Omedk0JPYLdeC5sDGtMvtd2v4lgfJ0DJhKx8VHW8J73h5l9xTBdBBgughUBUZBTBdBBgughUAB8mRdBc4io4Kn3y25vHF2+cdErB8win4Kn3y25vHF2+cdAErIAAAAAAAAAAAAAAAAAALNefahXPFsrzSheRZrz7UK54tleaUAFmdqFD8WxfNJF5FmsztQofi2L5pIvIAAAAAAAAAAAAAAAAIpeFv98jtfxnafnmxK0IpeFv8AfI7X8Z2n55sASslzCooXMKgAAAAAofMKih8wAjE4Zn3RV0fkQfkjQ35xdPaxefjGJ5lQ0HwzPuiro/Ig/JGhvzi6e1i8/GMTzKhDUPfj87OK5F/GdX6dX/UdgAACZO1AAAAAAABRXN+khFRxaH3Xl5+Jaz/aLAlXVzfpIRUcWh915efiWs/2iwAJWAAAAAAAAAAAAAAAEZvDZ+6Hr35rA+TIEmQjN4bP3Q9e/NYHyZAwcw/ZLznPu6V+6If/ANF+GRuni5v8jXz+eU/zbo7JHG3Fzf5Gvn88p/m3R2SLuD/YR/50kvyJ/cOH80vxSAAAyTagKK5v0kKiiub9JACKji0vuu7y8TVn+0WRKwIp+LS+67vLxNWf7RZErAAAAACPXjBvtxUf3us/KHxeOLt7eLt8Ux/PmLPxg324qP73WflD4vHF29vF2+KY/nzEMvfvb6jilD+Nn9N/hZ3kAAJk7WBGfxwZ/wC62mxf9H1o/wD90YSYCM3jg/8ALOmxf9G1r/WjACQfSnsdLrQI+5QKf8mbGA3JVbwh6zO3G9pTdFepdDpaYFFdp6ofJm++ZLlvmTz6FEeyhlpO7mJz+UNgaWF/7MbSI/aKn/Jmxk5toPnQR/oFupT5xJXtYzcFjFgpyk4KWqLjvdWvxs007tXXmbNHzLgvWsamWndVM0bu6kqYW7Sas/NVBJpdNfLJqVychajNp5DThYSe43C7o3ik8kRmKbCC5kl8ArzBTp6L3d7nuNxixago01BQVlbU9rt73b632FQABcMEDhLjFe3CzvFkrzyB3aOEuMV7cLO8WSvPIGHjv2D7PvNO5e/uKr54/iRjvF/fbqqHvdk+fYEh4jw4v77dVQ97snz7AkPHmX/se0xu53+5V9KXqAAAzTegAAAAAAAAAAAOMONb+5xo3vwg/J5I7PHGHGt/c40b34Qfk8kAbK4v77j7Tj8zmfLpA6FHPXF/fcfacfmcz5dIHQoAAAADEtW/tV3j4gqHydwRBn/Bn+R/3CXzVv7Vd4+IKh8ncEQZ/wAGf5H/AHCIzPjHtOOd0731h/ov70TB6Zfa7tfxLA+ToGTDGdMvtd2v4lgfJ0DJhKx8VHW8J73p/RX3AAAVGQAAABQ+YRT8FT75bc3ji7fOOiVg+YRT8FT75bc3ji7fOOgCVkAAAAAAAAAAAAAAAAAAFmvPtQrni2V5pQvIs159qFc8WyvNKACzO1Ch+LYvmki8izWZ2oUPxbF80kXkAAAAAAAAAAAAAAAAEUvC3++R2v4ztPzzYlaEUvC3++R2v4ztPzzYAlZLmFRQuYVAAAAABQ+YVFD5gBGJwzPuiro/Ig/JGhvzi6e1i8/GMTzKhrbhVaMar3brpcVetnT2u1OnSUwyZlRoprbWaYzaVYPu4URl7pDc/AWsG9bDt+6416WvUaK7LnRnGETWTbN1KWlEZp6SIzIhEUISWKcmna7OP5LgsTT5X1K06clByqb2dt9XTwOogABLnYAAAAAAAAorm/SQio4tD7ry8/EtZ/tFgSrq5v0kIqOLQ+68vPxLWf7RYAErAAAAAAAAAAAAAAACM3hs/dD1781gfJkCTIR/cLXRvVW79cq1XbX0+rlUpz8aEluVFimttZpjoSoiPwGRkMLHxcqSUVfc0Tuh4eticqjChByetbJN9Euozji5v8jXz+eU/wA26OyRytwFNPr4sKl3gzelq1KirmSoS46ZrJtm6lKHCUaenBmWfdHVIu4RONGKZK8jqVShklCnVi4ySezVn4zAAAyDZgKK5v0kKiiub9JACKji0vuu7y8TVn+0WRKwIp+LS+67vLxNWf7RZErAAAAACPXjBvtxUf3us/KHxeOLt7eLt8Ux/PmLPxg324qP73WflD4vHF29vF2+KY/nzEMvfvb6jilD+Nn9N/hZ3kAAJk7WBGXxwR/7u6bl/wBF1n/XjCTQRk8cEf8Avh05L/oqsecjgCQ/S8sabWoXRQ4HydAycY1pmWNObWLoosH5OgZKAAAAAAAAAOEuMV7cLO8WSvPIHdo444dGmWoV+3Ta0mzLNq1aZiU+S2+uFHNwm1G6kyJXQZkRmMXGxcqLSXV95qXLejUxGS1adKLk7x2Su/GRrfi/vt1VD3uyfPsCQ8cOcCjSfUux9WZ1Xu+xqzR4S6HIjpkTIxtoNw3mTJJH0mSTP9BjuMU4GLjSs1bcx+QNCrhsnUK0XF6pbNWfR1gAAZhuoAAAAAAAAAAAHGHGt/c40b34Qfk8kdnjjDjW/ucaN78IPyeSANlcX99x9px+ZzPl0gdCjnri/vuPtOPzOZ8ukDoUAAAABiWrf2q7x8QVD5O4Igz/AIM/yP8AuEwepsGZVNObpptOjOSZUuizmGGWyytxxTCySlJd0zMyIhGAfB1125M//ZLc+djGOoT6PdEVmMJScdKvxOS90fBYnFYmg6FOUkk+Cb6V1En+mX2u7X8SwPk6Bkwx/T+HLp1jW9AnR1sSI1JhsvNLLCkLSwglJMukjIyGQCTjwR1PCpxoQT6l9wAAFRfAAAAofMIp+Cp98tubxxdvnHRKwfMIp+Cp98tubxxdvnHQBKyAAAAAAAAAAAAAAAAAACzXn2oVzxbK80oXkWa8+1CueLZXmlABZnahQ/FsXzSReRZrM7UKH4ti+aSLyAAAAAAAAAAAAAAAACKXhb/fI7X8Z2n55sStCKXhb/fI7X8Z2n55sASslzCooXMKgAAAAAAAA+TSk9+AJJEeSIfQAAAAAAAAAAAACiub9JCKji0PuvLz8S1n+0WBKurm/SQio4tD7ry8/EtZ/tFgASsAAAAAAAAAAAAAAAPk0JM8mQ+gAFCIi5hUAAAAAABRXN+khUUVzfpIARUcWl913eXias/2iyJWBFPxaX3Xd5eJqz/aLIlYAAAAAR68YN9uKj+91n5Q+LxxdvbxdvimP58xZ+MG+3FR/e6z8ofF44u3t4u3xTH8+Yhl797fUcUofxs/pv8ACzvIAATJ2sCMfjgT/wB8unJf9E1fzjAk4EYvHAH/AL6dOy/6Hq3nWABItpsWNPbYLoo0HzCBkgx3TssWBbRf9DwvMIGRAAAAAAAAAD5NJGeTIfQAChJIjyRCoAAAAAAAAAAAAAAAAADjDjW/ucaN78IPyeSOzxxhxrf3ONG9+EH5PJAGyuL++4+04/M5ny6QOhRz1xf33H2nH5nM+XSB0KAAAAApzimwnoH0AAAAAAAAAAAAAofMIp+Cp98tubxxdvnHRKwfMIp+Cp98tubxxdvnHQBKyAAAAAAAAAAAAAAAAAACzXn2oVzxbK80oXkWa8+1CueLZXmlABZnahQ/FsXzSReRZrM7UKH4ti+aSLyAAAAAAAAAAAAAAAACKXhb/fI7X8Z2n55sStCKXhb/AHyO1/Gdp+ebAErJcwbSekhTmSZ+6OXLLtfVTWK89Upx8I2+7Zh27fEuhQKdSWacbDUZuNGcTvejLXnLyudXQAOpCMj5jyKjmPSDXORYel9XkapXRcN5VePqDW7RoyGoTciq1ZceUtDLLbLKUIUom21KUeEpSSVGoyIhmFS4W+mVE06uXUOvUy56X1nzo9PrtDlUo01aC8+pBMkpglGSkrJxKkrQpSVJyZGeDIAbsAa3u3X7T2zarp9R6lLlvyNTJiIdB6lj8qle0hKyccPJbDeHEFtb96iIWKo8KrTmm3DLpjtKudyh02rJoM+7GqUpVDh1A1k2bDknayWy6pLanCQbaVnsqWR5AG5QGtq/r7Y1t0jUOtVFFT6n0zfaj1vk4u0o1OR2X08iW19kLYfR0b8l3Bc6zq9ZVu3VUrTr05yA9SLZO7Z0p9GzFYpxOrbUtTmfZEbajNOOYs+AAZsA1LY3CUs2965Et9y2rutyRV4D1Uoirgo6oTdZitESnFxjNR5NKFJWbayQ5sqJWzjJlcoevdjTrKsS/WEVL1M1DnwadRyVFw6TstK1Ncqna7BOG1ZPJ43c4A2QA1DcHCk0qtfTs9TKzLqDNLO43rVZa6lzJfntTFxVpbb2uySS21q2sl2CTV4BS+OE7YljXDWaC/QbsrLNrttO3LVKNSFS4NCStBOF1U4SiPJNmTiktpWpCDJSiIjAG3xTJdIs1Yuml0yz5t6Nymn6dFprtTS+2olIcZS0bpLIy3GRpLJH0GOW+ChqU/qLVLWm1zhc1S5LimUZNWqFnuUmFHiuKcZy4hl4oyFvJYU4WTacVg0dkeMgDr1XN+khFRxaH3Xl5+Jaz/aLAlXVzfpIRUcWh915efiWs/2iwAJWBQzIucyIVHPutruoNx682BphaeqlesqnVe367VJrtIYiOOvOxnYaWiPqhpwiIifXzEQA6BIyPmMjFRzVZ0+9tKOELOs6/NcK/dVsN6eSrnkO19qEymE4zPbbU7tR2W8JJraM9rPdGcWFwmrFv25KTbbVBu2hLuSO7Kt2XXaK5CjVxltO2pUVajPJ8nhwkLJCzR2RJMt4A26A0/bfCn0pujSC5NbYEyotW5ar0pio9UQjbkpcY2cpS1kzUa9tGxg+y2ixzitT4TtjRqXasyhW/ddzVC8KMm4YFGodJOTPbpxkk+qXm9pKWkEa0p7JeVKPZSSjIwBt8Bru39edPLqesdqgTpctOoDU9ykrKKpBJOEglSG3yVhTLiDyg0KLJLSpJ4wPyb19sRygM3IRVIoci8OshH+CHt+qXVpw95Z/guWSfZ/yd+ABskBpy5+FNpxa1w1WkS6dc0ul27Mbp1euOFSFvUejyV7P2KTII9xpJaNs0JUlvaLbNO/GZxNU7Wm128beYVKOVY7MWRVD5HsDQ/HVIb5JWez+xpPPNg9wAzABrm1derAu6RAYgSZcZNQs6NfKHpjHItN0t9SkoW4ozwlZbJmpPcIs5GOwuFjpjWbBtm/rbh3FXEXnLlQ6BSadS1O1KoKjLWl5aGTMiS2gmzUpxakpJJpMzI1EQA3QKZLpGJ6a6m21qnb7tftwpzBw5btOnwKhFVGmU+Y1jlI77St6HE5SfdIyUlRGZGRjmW/tcarX73vFiHwmKTptPodadt2zaBKbiqjVOZGS2Tz9TU40twmHZC1MI2VNEkkGaTUvcAOxxRXN+kh+EBU1UKOqpNstyzaQb6GVmptLmyW0STMiMyI84MyI8D91c36SAEVHFpfdd3l4mrP9osiVgRT8Wl913eXias/2iyJWAAAAAEevGDfbio/vdZ+UPi8cXb28Xb4pj+fMWfjBvtxUf3us/KHxeOLt7eLt8Ux/PmIZe/e31HFKH8bP6b/CzvIAATJ2sCMPjfzzdunieijVU/8A8rIk8EYPG/H/AL8dPS/6EqnnmQBI9p8WzYluF0UmGX/4EDIBYbBLFj28XRSofmUC/AAKCo1dwoLpuCyeD3qDdtq1R2nVek0CXLhS2kpNbLyEZSsiURlkj6SMAbQ2k/yi+EVHIOtNnaw6U6NztVKXwptRahMpxU15MOYxSup3eWlMNrSrYiJXjZdVzKI+beNwX5wmbJsO46vbarcu+4F21Hbl3FKoFGVNj0RpxO2k5KyUR7XJ/ZDQ2S1kjsjSRGQA28A1o3whNOJGqFt6Twp8qVVbsoBXJSZTLG3CkwzJZpNL2fZqS2taU43pSZ5HgLhQaTJkaktSapMjtaVPMR6/IciKNo3nskhtjZyp5ZrSbeyksm5hJZMAbaAaio3CYs2fEuZddti77WqNrUF25pVJr1J6mmP0xtKjVIYSS1JdSRpNBkSiUlRpSokmZDKYGrFr1K57YtKOmb1ddtAeuOn7TGEFEaNgl7as9ivMprCd+ey37gBmgDUUjhOWAVnW3dlKpVx1l+7pkyDRKLTqdytSmuRHXG5Bpa2iSltHJKUpxa0pJJpyeVEQ9lH4Ren1aotCq7LdYjuVy6Cs5UCVAUzMp9W2HFqjymlHlo0pbMzPKiMlIMjMlEYA2iA1rdGv9iWlNumBVE1M3LQVREVHkou0Waq/yMXkz2i2uz9nzbJb94/Wfr5prTNSa5pbPrRsVa2bcVdNYeWjEWDBJREZuO53L2TJezj2BkfdIAbFFMkXOY1Rp/wkbNv+46bbSbbu63n6/Edn0B6v0dUJmtR2yJS1xlGozMyQpK+TcJDmwe1s4yZXrVu0bquanxJduay1nT5ilk+/OkU+HCfTIb2SPLhym1klKCSo8pxznnuADPckfMYqNF8EaZqVcVgTb7v2/avclOuSeuXbBVWFGjyWqOnKGHnSjtoTtvkRvbOOxSpsufI3oAA4w41v7nGje/CD8nkjs8cYca39zjRvfhB+TyQBsri/vuPtOPzOZ8ukDoTaT/KL4RynwUatUKDxeNGrlJkqjzqda1blxnkkRm2627LUhREeS3KIj3l3BjN20nXC0eDZB10a4Ud+TKkqjUerLgPwqUUZa5K4/KNnsxSXs4eURYVnm3gDtMBqG+OE/p5Ydy1S36jTrlnx7c5DrjrFNpDkmnUHliJSOrHkn2HYKStRISs0IUSl7JHkZBRdbLGr+q1d0cp8mUqv29TI1XkmpjEZyM+STSpp3OF4JaNou5tF0gDPgGlKZwttLK9YsK+rcYuCsIq1ck29SaXBphuVCpTGDVyhMM7RZbJCFOG4pSUkgtozLcL/AG9wg7BuSHbkiGmrMSLjr79sJgy4CmZUCpsMOvOx5Tajy0pKGVHneR7SDIzJRGANmANdfV2sjqNU7FR5JN5lYh/4KefVM3yY5s/wW2fs+jfgWeTwntOot5O2suDcSqfHrKLdkXKmlLOiMVVSiQURcrO5fKKS2atnkycUSDWStwA26A1xP16sWnWjdd6yfVH1Os6tuUCpbMXLnVSHmmlcmnPZp2n0dlu3Z6B4rt4SemdkWheF7XFMmx6dZNbK3qgRRsuuzlJZUlthGcu5KQ3gyxzK7iTMAbUAaivfhOafWHcNQoNRplyz2qC1HeuKqU2kOSYFBQ8RKbOY6R9h2Bk4okEs0IMlqJKTIxkOtt23PaOjd23jYEJNSrVOo0iZTW0NG+SnCRlKyQne4SS7PZL2WzgucAZ2ZkZbj7oin4Kn3y25vHF2+cdHZvB5v6r1fUis2hSdZnNWbUat2n1dVwLaimcCpvOrSuJykVCGzJxtJPJaURraIsGeFEOMuCp98tubxxdvnHQBKyAAAAAAAAAAAAAAAAAACzXn2oVzxbK80oXkWa8+1CueLZXmlABZnahQ/FsXzSReRZrM7UKH4ti+aSLyAAAAAAAAAAAAAAAACKXhb/fI7X8Z2n55sStCKXhb/fI7X8Z2n55sASsH7E/0jTnB3oNbolZ1gdrNHmQUVPUefPhKkMqbKTGVDhpS83n2SDUhZEot2Un0DchcwYIAcW0C0r5sWqUjVmZYVwT4Fq6sXrMqFOiQVuTjptSN5pqewxjafQkzQrCCNRtrUaSPA/W8LbuvVKVfupsDTq4Y9CuS4LBpdOgzqa5HmzolNqhOzJq4qi5RprZfUkjcIj2GlKMiLA7NwXQGCAHCVH0p1QVctpqrtnVhcfTa/KFZ9DfVHWrlqJFlSpDlSLduZU25AaNfNmMYs5aTVKj21XNFbntbW+vV+XcE5iNSqZV5US2KrBlT1vJmKlJbUxHaJt3adSv7ITiFESTNRCQXBdAYLoAHEOtLtyQKfwkbCjaZ39VZ18zYTlDk0225cuJJQimQmlH1Q2k0EZLaWR5PnIebVydUNdtRbuta3LRu+hzLy0mk2/RTuGgyaWiZUIsxUpxglvJIiI21oLa5uz8A7nwQtVQtagVWuUq5ahTGnqnRCkJp8lRntME+kkOknfjskpIjyR8wA5N0yt6PdGpVnVKJaeukuVbkSfOqEi+anKZh0GUuGtgmGm3m9ma64bq0fYlbBILb2j3JOwWLoBeVv6Y8Hquv1PUeXUYFy0B+q25PlLcg0lpKHuVWcXYI2EtHslkz7Hax3R3NgugABH3M0X1QubSvUep3BZVVQdu3HVYln0nqNapEtU24EypdSJvGTI2TbabUX/BofUW5YyC9rDqVm3tqxTrko+t1Sdu6syK1bsWypklFKrbcqM031K+tpKm4zqFoU24t40lyewoskWB3JggwR9wAYFT7Zq9taFxbPt62oD1SpdrIp0KjVSYcqKp5uISERX3zSRut5Im1L2S2k5PBZwNLRq1Vdbr00bhUPSK5rPkafVI61X36nRXKfGpCEQHoyqbGcURJf5Rx1BFyJqb5NvaMy3EOpxTBAChlhJF7gip4tD7ry8/EtZ/tFgSrq5v0kIqOLQ+68vPxLWf7RYAErA0xeFCrUnhWacXBHpEx2lwbTuSNJmoYUbDLrr0A20LXjCVKJCzSRnk9lWOYbnFABy7wgdK7x1J1Xu+j2/TJKW65orVqFEnrbUmKc92e2puOp32KVKIsmWc7OTxggTctb1xurSCg0fTC7bccsitIuG5pFao7sFilmxAfjlDbdcIkSFuOPkRcia08mk1GZFjPUQYLoAEfenGkupUOiWlYUqw62xbl2Uhq4Lk5WKtCWJ1HcmbEd1BluXJNVMwR71Jjr5x7qXp7XrNVppeV9MauUWkTNKKFb8iRZaJXVlPqcPbWuNMjsIW8SVk/lKtnCXELJWMkY72DBADiy3KPUNK5mi18yNLdRI1NZqV31Kow1tSK/VYyp6Em07KJhrLbjx/ZFIwewpakmozIzGJStQlUDS9iLXNOdRYCaZrEd8S35VoT2mGaR6uKlm8txTZJThlRGaTPJHu5xIBgu4LXdFsUK87fn2rc9ORPpVUYVGlxnFKJLrSudJmkyPB+AwBwxcWnNQt89S9PLmoeuNYq1y3HVpVIpFuT5DFBuCFUXjcSbklDS2IuEuqQ+bpkadg1ESskQ2E5oJcNb1G1flJuPUK2YbFGocSmpotQNmPVTapKkKJS1NH1QaVESDMsH2RkZEZjrkkkRYFQBwtbGk2pF03RpRY0y06pTraqWkFvUy8Jr8dxlMdiHJN5+mGZ4w8+rk2VoztJaU6eOYeFrTG6aDR9N70uCj6jUeh0SpXvS6r1otvs1Smtzawt+JJJhpCnVxlpaJKiQg8JU0rBpHe2CDBADRvBWthql0S7bmYt69aa1cteVKZkXjUVv1SqNNR2mUTHWVtoXGJZN7KW15VstpUeNrBaluejOacwNfdLKho7cNx1XVeqVCp2/Kp1FXLiVdM6Khttl+SkjRGOM/yhq5ZSCSnC05yOzMBgugAWGwaLUrbsa3berM3qyoUulQ4UqTkz5Z5plCFrye88qSZ/pF+VzfpIVFFc36SAEVHFpfdd3l4mrP8AaLIlYEU/Fpfdd3l4mrP9osiVgAAAABHrxg324qP73WflD4vHF29vF2+KY/nzFn4wb7cVH97rPyh8Xji7e3i7fFMfz5iGXv3t9RxSh/Gz+m/ws7yAAEydrAi/433t10+L/oOqeeaEoAi9430/9/On5f8AQNT880AJJrGLFl0Ev+jInmUC+CyWSWLOoRdFNi+ZSL2AA1Pwr6JWLk4N2o9Bt6lS6nUp9uTGIsOI0p159xSOxQhCd6lH3CIbYAAaN4UluXBcfBfrdvUCiTqjVHmaSTcOKwpx9ZomxVLwgiyeylKjPoJJ9AxBVyXBobeWrtHqelt3XOq+Kwdw21JolIcnMVBT0BiOcJ51BGmMttxgyM3jQjk1Eoj3GQ6hFMEYA4Ol6Pao6XtWvW4FmVSu3BpZptakqMinsqcRNnRKjLKdT2HC3LWqLIdQRFvMjQeMGQ/GXwfNTG7N1Fo8e3q5IqxwLEuGQqKs4ztYqMaZKnVNuK+rCeXJbq9nfuXyRHjJDvfBBgAcSNWWi9Gr+rdoWrrRV1xNNa9So1VvmbMQ4cyY0Rep0WFIbJx5Rm2lS3EnspUlCU7Zq3XG39TZVP1N0vuuTpDqumn2tYE236korIqBqRMdVTzQlKeTypOIzuVFkiwXSQ7KwGCPcAI77LtyqT7U00vKdS9T4FNsqXdlrXO1bLMmLWaPJlzkTGHVMNpN5xk0GhLhISZka0HgySeMyRpFWLntegyqFbOqFDYuDV6DU3qpVao89XlwWac8wVTdJbe1BI9lCCSvJkkkGrZNZJLsqh2vQbbcqb1EprcRdZnrqc5SDPL8paEIU6eT5zS2gt2C7EtwumCAHDeoukt+2ZStc49ApF8Xy6+qw51KcqS1zJdVXFnG68w28SS2iQSSI8F2BKyY9N08G/USpzrloRQ1yblvbSm4VVmrkg0RH7gm1GM8UU3vYpSlCCYbLuMskeNxjtwUwQA460ktyPc2qNgTG7T10ky7aTIqFUeveqymIFvyepFsE00l1vYmuLN1bZcirYJGVmrmSe6+FTAuitaFXHa1nwZ8qpXJ1JQcQmlOONxpkppiS7hO8koYcdUau4RGZjbWC6AAHlpVMg0WmRKPTIyI8OCwiNHZQWEttISSUJIugkkRD1gAADjDjW/ucaN78IPyeSOzxxhxrf3ONG9+EH5PJAF94LcKZUuLnplOp0R6VKlWlXWWGGUGtx1xTkwkoSkt5mZmRERc5mL/AKo2rc1R4DEO04NvVKRW02tQI6qc1GWqSTraonKINsi2tpOyrJYyWyeeYe7i/vuPtOPzOZ8ukDoQAck3VOubT6FrhpUvTO6q/VtSKlUKha8mm0tyRBqCahBaj8m9JSXJxuQcQonOWUkuTJKk7WcDBrr0p1Zs+5a9Ps23KtOrLbdBstuexHXybsObQUwZEtK8dk3HlNx3lHzJ5M84Hd+C6AwR9wAcGStHa3aaaHW3KLqBSbUtG/7uhPrtRDzdVjU6WlpuJNaQ2k3Ho/8Ag6Ur5NKjNLm0RGRGL7SaTJs+BaGpEPT3VJ+mL1UfrcpyrNSavW5sMqJIhtz3YyGidjpWrk0k2ojUSUoUrBq2S7WwQYIAcET9Q/Uu2n11jTvUSnMN61t3u9Jl2hPZYZpHqkh3lnHFNklB7JllJnkugUa0rmwE1TSG5aHrVWK5LvOS8xTIFTkRbYmU9+qHLRUDkk0thpDaFEtbaj5Q3WzSSeyIx3Lc1sUK8qFMtm5acifTKg3yUmM4pRJcRkjwZpMj5yLmMXMkkX9YA4cvjQq86vYmsVyR6jqGzMkahSZUG2ojqip9Rj9XRDJ/qbkzU6lSSWraSrB7Ge4Y8eo+kupN5tcIVU20Koqi0ioVWp2zFKK4pys1abT4rBSWUEX2RLDLTiEGRHlcheN6N3d+AAHDmpliTqHe+rNLuCka1VJy+Z3qlb9PtCY+1Sq63IgsR1xZLrba24q0LbWhxbxpLkjSotrGBv7W2xrnm8GOqWJZdMlv1GPR4MZNPjzjN+VGYWyciIh89k1LdYbdaJR7O0a+5kblwXQAA5t0cYpFxa7qvbS/TWs2ZaES0VUmrlNoDlFbn1A5TS4zSYziUG4uM0iQlTpJMi5VKCUoubjngqffLbm8cXb5x0SsGQin4Kn3y25vHF2+cdAErIAAAAAAAAAAAAAAAAAALNefahXPFsrzSheRZrz7UK54tleaUAFmdqFD8WxfNJF5FmsztQofi2L5pIvIAAAAAAAAAAAAAAAAIpeFv98jtfxnafnmxK0IpeFv98jtfxnafnmwBKyXMKihcwqAAAAAAAAAAAAAAAAAAAAAAAKK5v0kIqOLQ+68vPxLWf7RYEq6ub9JCKji0PuvLz8S1n+0WABKwAAAAAAAAAAAAAAAAAAAAAAAAAAorm/SQqKK5v0kAIqOLS+67vLxNWf7RZErAin4tL7ru8vE1Z/tFkSsAAAAAI9eMG+3FR/e6z8ofF44u3t4u3xTH8+Ys/GDfbio/vdZ+UPi8cXb28Xb4pj+fMQy9+9vqOKUP42f03+FneQAAmTtYEXnG977+sAv+gKl59sShiLrjej/APaFYJf9X6h8obAEllmFi0aIX/R0bzSReRZ7PLFqUYuinxvNJF4AAAAAAAAAAAAAAAAAAAAAAAAAAAAAAAHGHGt/c40b34Qfk8kdnjjDjW/ucaN78IPyeSANlcX99x9px+ZzPl0gdCjnri/vuPtOPzOZ8ukDoUAAAAAAAAAAAAAAAAAAAFD5hFPwVPvltzeOLt846JWD5hFPwVPvltzeOLt846AJWQAAAAAAAAAAAAAAAAAAWa8+1CueLZXmlC8izXn2oVzxbK80oALM7UKH4ti+aSLyLNZnahQ/FsXzSReQAAAAAAAAAAAAAAAARS8Lf75Ha/jO0/PNiVoRS8Lf75Ha/jO0/PNgCVkuYMl0jHtQ6vPt/T+5q7S3SamU2kTZcdZpJRJdbZWpJ4PceDItxjS941rUKxrSg3JV9d6ypcunKqK0KpVJYbbbQhs3FGtTBmfZOoSSUpUozUW7BGorcqjjLSot/V62iQw+AjWo8/Uqxgr28LU7u1/gxl6bHROS6RUcx6cXrf1/1NVGPW+rRZZSFRf8HhUaUkniZ5ckK2WCMtpslKJSdpPYqSZpVgj23o9VbnnRbnpl1XE5W5FDuKTTGZjsZpha2UtMrTtJaSlGSNxW8iHiqvUoyi1fzeplVXL4RoyrUq0J6bXSU093b4UIr0mwQABdI0AAAAAAAAAAAAAACiub9JCKji0PuvLz8S1n+0WBKurm/SQio4tD7ry8/EtZ/tFgASsCmS6RiOrtdq1saYXTcNBlFGqNOpUiRFeNtK+TdSgzSrZURkeD7hlgan1OrV+6ZU8pdR14rT7nU5ylJcpdJjobbJaGyM1GwZqNS3EpJKUmeTyeyRZFqVVqWlRb+r1tEhQwEatFV6lWME20tWt3aSb8WMvjLidDZLpFRzVpvdd/agT10n6udWiTG3n45kxBo0tHLMpQpbZmhgjI9haVEotpCizhWSwNsaOVe46rb1TYuiuLq82l16qUspq47TKnm2JCm0GpDZEkj2SLmIgVVuWmUWvq9TZVWy+MKDr0q0ZpNJpKae9/jQiujruZ6AALpGgAAAAAAAAAAAAAABRXN+khUUVzfpIARUcWl913eXias/2iyJWBFPxaX3Xd5eJqz/aLIlYAAAAAR68YN9uKj+91n5Q+LxxdvbxdvimP58xZ+MG+3FR/e6z8ofF44u3t4u3xTH8+Yhl797fUcUofxs/pv8LO8gABMnawIueN4POothF/1en/AChAlGEXHG7H/wC0qwi/6vTvlKQBJjaZYtekfmEfzSRdha7W3W1SS/8AkY/m0i6AAAAAAAAAAAAAAAAAAAAAAAAACiskkzLoADIZLpGinapqHVeva5l6uVWjU6hV+RTI0CFSKe72CCaJtJLfbMzUpbmMqURFksmREZjXUHWK9pNcdpUjWmpJaaXLRtsNUV1w+pf8Y2UnGSStgiUeMp2ySrYNeMHZVWUt1B+j8yXqZXSoy0VcTBS22tU2ur9FNr6mddDjHjW/ucaN78IPyeSN9W4u/bd1SpVtV3UmZc1Nq1Bn1AkSabEjm24y9FShSVMNpM8pfVkj8A0Lxrf3ONG9+EH5PJFcJ609rGHi8J3q42mpKSumr2tdr4Si+KfQbK4v77j7Tj8zmfLpA6FHPXF/fcfacfmcz5dIHQorMQAAAAAAAAAAAAAAAAAAKHzCKfgqffLbm8cXb5x0SsHzCKfgqffLbm8cXb5x0ASsgAAAAAAAAAAAAAAAAAAs159qFc8WyvNKF5FmvPtQrni2V5pQAWZ2oUPxbF80kXkWazO1Ch+LYvmki8gAAAAAAAAAAAAAAAAil4W/3yO1/Gdp+ebErQil4W/3yO1/Gdp+ebAElmrn2p70971S+TODXN21u265atpwUVGnT48eCbylRpER52LLKKlMZzYW4k8JWpS8pPO02gbvkRo8yM7ElsNvMPpU2624klJWg9xpMj3GRluMjGKfUe0l5j0vtLyJF9AWpRnq1RsSeHr4V4bvfE6laWpONnxSW92uo01omxEsaVSGq3dDdUnttzWKhWqicWPtxl4cYbI+XWs1IcJREXNh1zPMQ2VotMiT5F/y4MpmSw5eUw0OsuEtCi6njFuUW4xey0d0lLm0vtLyJF9AX+iW9QbZh+p1uUWBS4m2bnU8KMhhvaPnVsoIiyeCyY80zck5W2Kp18HSw86WH1NytxSSVnfobLiAALxFAAAAAAAAAAAAAAAUVzfpIRUcWh915efiWs/2iwJV1c36SEVHFofdeXn4lrP9osACRrXtSU6LXspSiIiocszMzwRfYzGJau1e3bnahQ4dXgyUNQJ5xZkKREfdgVFbaW2H9lTqVFsJW6sjSfskp5jIhuSdBhVOG9T6jEZlRZKDaeZebJbbiDLBpUlRGRkZc5GMW+o7pL3dL7SP/wDRIvoCzKE1PXG3D8/zJSjXws8KsPiNScZSacbPxlFdLXDT6TU2iXqXZMqnR6tcMeXKRTpMWp1moLiR1SSJ8lxUl9mWszQlbiMZxsknm2UkNg6HSY0yjXJKhyGn2Xbvrq23GlkpC0nMXgyMtxkLwWjukhc2l9peRIvoDIaNQqLbsFFMoFJh02G2alIjQ46GWkmZ5MyQgiIsnvPcCjNyUpW2PalfB08LOjh9TcnF72SSV+pvrPeAALxFAAAAAAAAAAAAAAABRXN+khUUVzfpIARUcWl913eXias/2iyJWBFPxaX3Xd5eJqz/AGiyJWAAAAAEevGDfbio/vdZ+UPi8cXb28Xb4pj+fMWfjBvtxUf3us/KHxeOLt7eLt8Ux/PmIZe/e31HFKH8bP6b/CzvIAATJ2sCLbjdftn2GX/V2Z8pSJSRFrxuZ51SsRP/AFcl/KiAEm9sli3aWX/yTHm0i5i3W6WKBTS6IbPm0i4gAAAAAAAAAAAAAAAAAAAAAAAKK9ifuCooZZLAA0TR7hp0K3dVKW1VaamqP3PU0MxX5TCHFbTTJZSh1REZ4MzSStxmRDAGaDTKdc9drkGpuyKWuOx1uUJ1mEmPS5LBtGyraXJNOz2DiVGSSPZec6Tz0fUdMNNqxNeqdX0/tudMkK23pEmlR3XXFc2VKUgzM8EW8zHm+o7pJ+K60fIkX0BYjGpBWViaxFfLsXU52bmm0rpKLV0ktt0Y+uu0Sta7W2dHrMGfyVr1jlOpZKHdjMqBjOyZ45j5+gaA41v7nGje/CD8nkjrGhWFY9sS1T7as6iUmStBtKeg05lhakGZGaTUhJGZZIjxzbiHJ3Gt/c40b34Qfk8kV04uN9XSzDx1elWcI0L6YRtva73b6PObK4v77j7Tj8zmfLpA6FHPXF/fcfacfmcz5dIHQouGCAAAAAAAAAAAAAAAAAAFD5hFPwVPvltzeOLt846JWD5hFPwVPvltzeOLt846AJWQAAAAAAAAAAAAAAAAAAWa8+1CueLZXmlC8izXn2oVzxbK80oALM7UKH4ti+aSLyLNZnahQ/FsXzSReQAAAAAAAAAAAAAAAAROcMqp0+i8YjQqxVprMODAmWvKlSHlbLbLSHEKWtRnzJJJGZn0EJYxxTwoOLzrHCG1fn6oQ9U4dDamQokQobtHXIUk2UGk1bZPJI855sbgBvj13XBhLJfV5sjnP/lhr+8PXd8GH8fNkeWGv7xxd9aFuT8e1N+Lzn0gPrQty/j1pvxfc+kADtL13XBh/HzZHlhr+8VLhccGI/8A382P5ZZ/vHFn1oa5fx6034vufSB8/Whrn/HrS/i+78+AO1fXb8GP8fNj+WWf7xktL1p0xrtPYq1DuyPUoElO2xLhtOvsPJyZZQ4hBpUWSMskZ8xjgX60PdJGRlrpSz//AEB358dX6RaBagaTabUHTqPctOqTdCjHGTLKo1WGTvZqVnkWn9hHssYTu3ADa31U7H9t3P3KR82H1U7H9uF/ucj5sYx1jaj+2NO8vVr58U6xtSO5UKd5frXz4Ayn6qFke26/3N/0B5aprNpnQqe9Vq5dkWmwIxEp+XMbcYYaSZkRGtxaSSksmRZMy3mQsHWNqT7YU3y/Wvnxh2r+gOoWrem1e05kXLTKa3XI6Y6pZ1GrTCaw4leeRdf2F+xxg+nPcAGW+ux4M/4+LF8tsekHrseDP+PixfLjHpDiQ+KIu0z+3jSPID3z4p9aHu38eNH8gPfPgDtz12HBnP8A9/Fi+W2PSFfXX8Gj8e9i+XGPSHEP1oe7/wAeFH8gvfPCn1oe8Px4UbyC988AO3/XW8GlWCLXixecv+XI5f8AiEbvF+6h2JYXCfuu5r1u+kUKky6TVWmJtQloYZcWucytCUrUZEZqSkzIu6RGNh/Wh7w/HhRvIL3zwp9aIvHua30XyE988AO4vXWcGr8fFieXY/pAXCr4NR82u9ieXY/pDh360Ren47qJ5Ce+eD60Ten47aJ5Ce+eAEgdK1k0zr0Bqq0G7odTgv55GXBJchh0iMyM0OISaVYMjLcZ7yMh6/qmWX7bq/dX/QGmtGuD7qXo9ppQ9N4tx0eqNUVt1tMsqnV4ZO7by3M8i09sIxt47HnxnnMxmnWRqn/PKR8Ya588AMx+qZZftur91f8AQFfql2Z7bq/dX/QGG9ZGqn87pHxirnzwp1kaq/zuj/GKufPADK6jq5p1RoL1UrN0xafBjJ5R+VLQ4yyyjONpbi0klJby3mZEMe9dLwbvx72H5fjemMK1W0L1Q1S05uDT1+u0ant1+EuEqUdWrEsmSUZHtci47sL5uY9w5LPiib5MzP6tdA8iP/OgDun10vBt/HvYfl+N6YutD110fuknl2rqJRK6mMaUvqpUkpiWTVnZJZs7RJM8HgjxnBjgH60TfP46qB5Ef+dG9ODVwMtSuDhCuCFBvehV0q8/HfUpL1SpnJckhacYju9nnb51c2N3OAOnvqlWZ7bn+6vegH1SrM9tz/dXvQGE9ZOrX85onxkrnzodZOrf85onxkrvzoAzb6pVme25/ur3oCpalWaZ4KrKMz7hRX/QGEdZOrf85onxkrvzop1lavZ/h6Hz57ZK784ALkrhOcHVCjQ5rlYra0maVIXXoyVJUR4MjI15IyPcZHvIxQ+E5wczwX1dbC3mX/OCL0/ljhiqcUvqBU6pNqatZLdbObJekmj1IkL2TcWa8bRuZPG1jJ7z5x5T4onUHuaz255GkfOADCOL6v6yLJ4UV13FeN3Ueh0uTSas2zNqE1uOw4tc9laEpWsySZmkjMiI95EZiSr1zfB0/HpYXxhi+mODPrRWoX457c8jSPnBT60TqF+Oa2/I0j5wASB0HXvRG6axFt62dXLPq1UnLNuNDhVmO8+8oiNRkhCVGajwRnuLmIxngjv0k4rm77B1IoN41jWKGuHSpC3nPUeLIhTUmbS0pUy9tmSFJUpKt5GRkRpMjIzI+rUahXzo6ooOtSSrNtIMks3vT4uwlhPc9VIrZH1OfTIaI2D51ExzADlnjBvtxUf3us/KHxeOLt7eLt8Ux/PmLDw+JsOparUCo06UzKiyrZjvMPsuEtt1tT7xpUlRZJSTLeRkeDF+4u3t4u3xTH8+Yhl797fUcUofxs/pv8LO56tVqXQaXLrdbqEeDT4DK5MqVIcJtphpBZUtaj3JSREZmZ7iIhrn10nBuL/372H5fjemMm1Xs2TqJpjddhQ5zUN+4qNMpbch1BrQyp5lTZLNJGRmRbWcEZZwI7y4om+iLB61UDyI/wDOiZO1ndXrpeDb+Pew/L8b0xHHxn2olh6j6lWZULAvKjXHFi0CQy+9S5rclDThyckhRoMyJRlvwe/AzP60TfP46qB5Ef8AnQ+tE3z+Oug+RH/nQB25ReFBwcWKRBZd11sRK0RmkqSdejZIyQWSPsx6/XT8G38e9h+Xo3pDhf60TfP466B5Df8AnQ+tEXz+OugeRH/nQB3U1wouDm+6hiPrhZD7zqktttNVtha1rM8JSlKVGajMzIiIiyZmRDKj1ItAjMjqLxGW4y6ikfNiPy3+Kfvm36/TK83rNQnl0ybHmpb9R5De2bTiVknaS7lOdnG0W8s5IdmHZGruTMp1DLJmf+Xq588AM3+qTZ/tk9+5SPmw+qTZ/tk9+5SPmxhHWRq7/P6H5ernz4dZGrv8/ofl6ufPgDNvqlWd7ZPfuMj5sWiv696OWmbBXbqJRqB1VtdT+qz/AFET2zja2OWJO1jaLOM4yWecWErI1b7s+h+Xq58+NJ8JPgVakcI9NvIqN/USh9b5yjRvqNR5bluTz/jD3YY5MvY8+d/MQA3p66zg1fj4sTy7H9IPXWcGr8fFieXY/pDh360Ten47qJ5Ce+eFPrRF6fjuonkJ754Adxeut4NX497F8ux/SF2oGvmjl2cv1paiUavdS7PVB0l45pM7WdnbNklbOcHjOM4PA4I+tEXn+O+i+QnvnhvHg18CvUTg3s3CzTr/AKNXCuBcZaz/AN0adyPIk4Rbo7/Z55T+NzY3c5gDp36plm+2T/7jI+bD6plm+2T/AO4yPmxhvWPqv7Y0by5XPnw6x9V/bGjeXK58+AMy+qZZvtk/+4yPmwLUuzjPBVJ8zP8A+Qk/NjDSsfVbu1KjeXK58+PorH1UyRnUqPuMj/y5W/nwB9u8Kzg2MOrYka5WSy60o0ONu1llC0KI8GlSTPJGRkZGR7yMh8+ux4M34+bF8uMekOMK5xTV4Vut1GtOa10hpVRmPzDb9RH17BuuKWadpT+VY2sZPefOY8X1oe7fx40jyA98+AO3PXY8Gf8AHxY3ltj0hyhxkuuOj2pOg1KoNgam23cNRauiHKXFptRbfdSyliQSlmlJmeyRqSRn4SGJ/Wh7t/HlSfID3z4fWh7s/HlSfID3z4A3VwJ+EToTZHBcsO17v1dtOj1eBFlJlQZtUaaeZNUx5REpCjyWUqSfuGQ3f67Tgy/j4sby0x6Q4m+tD3X+PKk+QHfnxX60Pdf486T5Ad+fAHbHrtODL+PixvLTPpAfC14Mhc+vFj+Wmf7xxP8AWh7r/HnSfIDvz4fWhrq/HnSvIDvz4A7qoHCN0NuyW5AtLVCgV2Uy3yzjFLk9VuNt5IttSWiUZJyZFk92TIhfvqnWZ7ZvfuMn5scn8HPgC3xwd7sqd10/U2lVtypU71ONnqedT9guVS5tbbD+0r2GNk92/PcHQnWNqf7aUry3W/pAAyz6p1me2b37jJ+bD6p1me2T37jJ+bGJlYup3dqtK8tVv6QK9YupvtrS/LVb+kgDK/qnWZ7ZP/uEn5sYpUuFRwdKLUJFJrWs1qU6fEWbUiJLqCGXmVlzpW2vCkn4DIjDrF1MMjI6tS/LVa+kjkzU7ivrr1M1CuDUCRrJTYDlfnKmqi+pMiTyJqIi2eVckba/Y86t4A6q9d3wYfx82R5Ya/vD13fBh/HzZHlhr+8cXfWhbl/HrTfi+59ID60Lcn49qb8XnPpAA7RPhd8GE/8A382Rz+3DX94j64H9Up1c4xmt1qjzWZkCoVC6ZUWQyslNvMuKcUhaTLnSaTIyPoMZp9aFuT8e1N+Lzn0gbX4MPF41jg96w03VGXqpDrjUGJLinDbo646lcs3sErbN5RFjnxjeAO2AAAAAAAAAAAAAAAAAAAWa8+1CueLZXmlC8izXn2oVzxbK80oALM7UKH4ti+aSLyLNZnahQ/FsXzSReQAAAAAAAAAAAAAAAAAAAAAAAAAAAAAAAAAAAAAAAAAAAAAAAAAAAAAAAAAAAAAAAAAAAAAAAAAAAAAAAAAAWC971tSwKA5cd6VNFPpbbiGXJC2luJSpZ7KSMkJM8Ge7mxvF/GP39Z9Ov+zaxZtWIupavEcirPG9BqLsVl4UqJKi8KR47224lnEOqqMnQtrs7X4X6L+S5GpwnJWkU2/48vRd6KdDfgE4+1DS63GZlqdcNwmmlkRNEZGlRpbIk7SjVjJqGYcCrU6xdMbsuOoX1cLNJjzacyzHW624snFpe2jSWwk+5vGg7koNUtavVG260ybU+lynYkhB9xxCjSf6DxkvAZD2WLaVTvy8KPZ1HSZyqvMbioP+QSj7JZ+BKSUo/Akxryqy57nEt7+ngfOdLOMZ7N+yEaa55y8Xe134NrXv6SXO0rtt++aBFui1qgU6lzSUceQltaEuElRpMyJZEeMpMs47gvAw7Si0q7YdmxbOrVZg1RqkH1JTpMWD1IpUJKSJonkEo0m6RZJSkbKVYI9lJmZDMRsKvbc+jqPOc3HnbarK9uF+m3kAAA9LgAAAAAAAAAAAAAAAAAAAAAAAAAAAAAAAAAAAAAAAAAAAAAAAAAAAAAAAAAAAAAAAAAAAAAAAAAAAAAAAAAWa8+1CueLZXmlC8izXn2oVzxbK80oALM7UKH4ti+aSLyLNZnahQ/FsXzSReQAAAAAAAAAAAAAAAAAAAAAAAAAAAAAAAAAAAAAGl771urummvdt2Vd0WlsWLd1EnvQKtsrS/HqsNJvOsOqNWwaFxyUtHYke0kyyYw6w+GlZVO00tu9df7hpNq1G825NapNNiQ5Tq2KJy6kRpMgkk4bZG2SVKdVsoyrBYwY9PDN0xunXOh2zo/Q7AkzYtUq8ebLukpzTLVvtMuETyjQaiccW6wt5tKUEZHtdkZbhjepFg6p6VazVe+dKtFWNQaHc9hQ7OiU45kdlqlvxXHOSRIQ8pO1DWhxO3sZPsTLHMYA2zfvCv0A0yqkSjXrqHHhSp9NarEZLMKTKQ7CcNRNvkthtadhWyrB57mR8XdwtOD3YsC36nc+o8WJHuinN1immmLIdUuAvGzKcQhs1Ms7/AGbhJLOegxqf6mur1x6l6k3BVNOGKNH+pAix6f1HJZKHUqkZOOqKGja2m46VOcmnlSSZYLuDCaDpXr5o+iPVqXomq+F3dpLQ7KlxEVSIy5RKjEjraW2/yq9lUZZubSlNmrek9x7jAHTN6cJ/Q3T+qRKPc978nKnUpuuxyh02XOS5T3DMkSduO0tJNmaT7IzIvhIXija46V3DUINLoV4xJ8ipW4d2xCjocWh6kkvY6pSsk7ONrds52s9wcb1Xg0a0WNUrPpVOol/VmLRtIolnyqlZVdg091dQTKedW0tUtZGqORLIiwnO5J9JC62vwUNWavUrCZu9ms2ei3NIFUCS/ZtZRBSdTTMUpEJZoMzWlTSiUvBbBrI+yAHWFoa76U35UKBSrUuxufKuiiOXHSW0xnkdU05DhNqfI1oIkkS1EWyrCt/NgXGuar6e23csq0K9c0aDVINBdueS0+SkIZpbbnJuSVOGWwSUr3GW1nwYHEdD0G14tJrRuedi36y5bWmz9v1XrPrdNiTos9cwnEsqXJc5NTeyWT2drfs9BkLlWODtwn9TqJOjajstuXLVtGZtsv1N6WwaFVL1ZKTGivqaMiNao6EJccQnYyZ7wB1vpTrzpTra1UHNNbsbqyqWbfVbKoz0Z5pLhGbThtvIQs21kRmlZFsqweDFs1A4T+hOl13sWJfWocGl1p5DTi2FNOuJiodPZaVIcQg0R0qPmNxSc8/NvGq+ClppfVLv+uag33Yt50KUdvQrfakXRc8WoSJPJuG4ttpmM3sIYbVnk3FL2lEtXYl3MO1e0n1vp9xa7WhaOkbV5U3XVqKmDX1VKOy1RlFETGcRMQ4ZObDWDdbNslZPdgj5gMn1w4XVctHUypac2rd2mFqNUo40N2o3i7NfXJlvsod+xMxCw2y2h5klPPLShS17JcxmNr3zwmNHNG36Rbeq+pFNh1yXBaku8hFeWgmzwk5KyaSvqdhS84U4ok+E8GY5xvfQ7WmwZ+p1pWfpJG1CiatWjRrfZrqp8dhNMlRaeUJ1UtLxkvktxPpNBK7IiLn5vRWNG9cdIatd9MtbS1Gp0bUHT2i2gipIqMeP6nTIUJURZySfMldTL2uWyjaPJYMs7wB0jXeEvohbd6QLAq9/Q26zUeoyaQ2066wg5f8AipOyEINlk3v+DJa07e4yzkh7Jmv+klPpFYr0272moFAuJNp1F44z5kxVlOIbKMZEjJntutltERp7Ln5xzHe2k+u0W0dONEKRpjLq/WQ9bD0a4m6pFVRKt1ITXVJVZhzYkEllSFGyhG3kyQrP8QWS8+CXqpWmdQLniou0qjUdYGa5TqAzXGkUqbSerYzipy4xq2DcJCXDI1GS/saex3FkDqVzhRaFNalFpGu/Y53MdQTSDjpjPqZKeZbRRDkkjkSfwZfYzXtb8YzuFxpXCC0hrcG2KlSrxakR7zq0ih0NZRny6snMG4TrJEaCNJp5F3erCT2dxnks8rXhpfwk7p1hj1KuWXc06BQNWYVwxHo1WgR6EmgtyCNpxqGg0uvzCQeXXHsqIknsmedkZjcXBKrdk6k6YTdM65dFStKl3xPrcukSpcU4dAalRZPKPMGaEvKy87gkmteySzwXOYA3Ta3Cf0LvS66lZNs6gw51Xpbcl11pDLyUOpjHiQbDqkE3I5M9y+SUrAulJ150orkWzZtKuxt9nUFiVJttRRni9UGo7RuvKTlBbGy2Rq7PZM+5k9w5C0D4OWrtq1q0bWvOxLuNGnMOuIYrEi6oqqMpyQw8yydPiNoN1fLpdy4l1SCQe/JnuHq0V4KWqNgTOD9cNRK7ZUmhUqts3LTKlXG5MGgOu05xplEVnaw2S3Fkk+TNRc2cEWQB1VS+EVozW12U1S75iSHNRGn37abJl0lz22UmpxZJNBG2kiSre5sluwWTFstLhX6BX3dFMs60r+TUanWnn2KclumzEsTFspUt3kpC2iZcJKUKMzSsy3e4OUNDuCnrLZkrRa/b9tWRNrNtzp0GoQWpLC/UegM06U3GjEXKbC1vSHlrUaTPKnUZwSTMr/ojwZtZrNuvRC569GrLNMolZuCVItp2psyYdn05+K4iJGbVnbdWZrIlqJSyyZERERZMDusBQuYhUAAAAAAAAHAPD40wOgXxT9SafH2Ydxt9TzTSW5MxpJESj/LaIvdNtQvHF+6YnMrVX1VqUfLNOSdLppqLcb60kbyy/JQaU/8A1FDqDhA6ZFqzpXWrTYaQuocl1XTTUZFszGuyb3nzEregz6FmLho1p9E0w01oNlx0J5SDFScpZf8ACSV9m8v9K1Kx4CIYKwtsTznRx7f+bmgQ5KKPKZ5hb/Ctr/zva3+rz2M15hUAGcb+AAAAAAAAAAAAAAAAAAAAAAeCXXKPT3SZn1SJGcUW0SHn0IMy5s4UZbtw/Hrqtrvgpv7416Qj94xFCFa0UU1ISr/e2zzpI/8AjD45b5Jr8C3+qQ13F568NWlSUL28v6HbeTnchp59lVDMni3DnI3tovbdrjqV/qJpuuq2u+Cm/vjXpB11W13wU398a9IQs8k1+Bb/AFSA22SIzNpvBb/YEMf2xy/l+n9Cb9wql8uf/rX+8mm667Z74Kb++NekHXVbXfBTf3xr0hGA5pFpFp7Ap7Gtl416JcdTiNzfUW3qYy+5TmXU7TRynHTIiWpJ7XJp3kXTzjFNUtK41heo9doNaj3DalysLk0artxuRN3YVsusutn/AAbyDMiUnwkfSRZE85rU4uTprbj4W686tsQmE7lWW42tGjSx8/Dvpk6LUZ2u3ok5Wlsm9nuk3G6TZLV11W13wU398a9IOuq2u+Cm/vjXpCJ/RzTaz77666helcn0elWrRfVh96nw25Dy0k6lBpJCuf2WdwzazNHuDlqHXeta0tSb0cqrkSVKZRLt9hlpXIMqdURryeNyTFVPOK1VJqmt+HhLzdRbx3cuy3L51YVsbUfNbycaEpRjtq3ak1wd+JJV11W13wU398a9IOuu2e+Cm/vjXpCJ/TfSu3q9a07UjUS4ztu0afIRBS9GhlImVCapO31PGbPBGZJ3qUe5JGXhMrrXNJdOris+sXrotddTqqLbbTIrFGrdPbjz2Ipns9Utm2ZodbIz7LG9Jbz6B5HOa0o6lTXXbVvbrta5cq9yvLaOIeHlj57SUXLmW4Rk7Wi56tKd2lx2bSdmyUvrqtrvgpv7416QddVtd8FN/fGvSEUF/wCl1rUm0qJqJp9ccmu25VJjlKkqmwExpMCe2klG04kjNJkpB7SVFzkRjIapwdafE10rmljVychQ7bheqtUrcqIkzjQkRm3nHDbRuNWXCQks7zMvCHsxXvZUl0fC6910cNnuUruXZTo5yWYyXgzk06LTXNuMZppyupJySStd38G5J911W13wU398a9IOuq2u+Cm/vjXpCJS2dPbbv7VyBYlkVOa/RKjMS21UJsNDUhEVLfKPPLbLck0pS4ePAWeceXV/T2FpreEii02b6p0l+FGqlKnrZSg5cN9knG3DIiwR71JPHdSKHnlVQdTmlZO19XT9Rl0+5BgKmLhge/5KrKGtRdKz03tveezvfwXvs9tmS69dVtd8FN/fGvSDrqtrvgpv7416QjSu3SDg62DUY1Au7Uq8Y9Vdp0Oe6mLbzD7KCkMk4REojIzxn3R+NO4N1D+qxGsypXeqRbNStp66qdXKfCTykmClo1pPkl52VdiojTnnIundeebV1LTzave3jLZ+XbYi49zfKJUnWlj6kY6XNN4eS1RirvS3K0nbeyu7b2tdkmfXVbXfBTf3xr0g66ra74Kb++NekIs3ra4KnUq3ImpV+LeNo1NJXbTCUqVs5SRntbizgalJpoyIzZbI8b+xIY9TP507Xgn5pX+5Exgu4zh8dq0YupG3x6Dh9WqSv2E03XVbXfBTf3xr0g66ra74Kb++NekIWeSa/At/qkHJNfgW/wBUhb9scv5fp/QzvcKpfLn/AOtf7yabrqtrvgpv7416QddVtd8FN/fGvSELPJNfgW/1SDkmvwLf6hB7Y5fy/T+g9wql8uf/AK1/vJpuuq2u+Cm/vjXpB11W13wU398a9IcK8ELgm2pqVac++9Ubfdfp011LNFaJ9yOa0IM+VfygyM0mrCE53dgo+gxrXhgaU2PpJqfCtqxqP1DT36KxMW2t5b5m6p15JntOGZ8yE7s43DPnmeIp4ZYmVNWfl337DUMJyAyfHZ5PIKGOm6sL3fNR0bJNq/OXuuD24pok066ra74Kb++NekHXXbPfBTf3xr0hCzyTX4Fv9Uhvrg0cFKp66uvXBV5SqPasN02VyW2Um/MdLG02ySi2SIsltLMjIjPBEZ5xjUM8rYmap0qV2/L+hOZx3IstyHCSx2PzFxpx6eb4voSSndt9C9RJZ11W13wU398a9IOuq2u+Cm/vjXpDQ6eAXwdig9Rqt+qm7s46pOrO8rnp3dh/+3A5U4THBIn6Hobum3pa6xakh0mVOvNJKRBcUfYJd2SJKkq5iWRFv3GRGZGedicZi8LT5yVJNLjaXD0GoZDyY5N8oMWsDQzCcJy2jrpJKT6k1Uav1J2vwW5JH11W13wU398a9IOuq2u+Cm/vjXpCFnkmvwLf6hByTX4Fv9QhF+2OX8v0/odC9wql8uf/AK1/vJpuuq2u+Cm/vjXpB11W13wU398a9IcI8EDgoWrqZa9RvrVC33JFNlupj0ZpLzkc3EoM+VfygyNSTVhCe52Kj6Brzhh6T2LpFqZTrasWjnBgSKK1McbceW+ZuqedSZ7SzMy3ITu5twzp5niKeGWKlTWl+Xf7jUMLyAyfG55PIKGOnKrC92qUdGyTavzl7rg9uKaJMeuq2u+Cm/vjXpB11W13wU398a9IQs8k1+Bb/VIOSa/At/qkMH2xy/l+n9Db/cKpfLn/AOtf7yabrqtrvgpv7416Qs943Rbi7SrSEV6mmpVOkkRFLbMzPklf0hDjyTX4Fv8AVIfLjTXJr+xI9if8UugerlHJv9n6f0KZdwukk338/wD1r/eTSWZ2oUPxbF80kXkWazO1Ch+LYvmki8jaT55AAAAAAAAAAAAAAAAAAAAAAAAAAAAAAAAAAAAAoGCPnIVAAUwGCPnIVAAUwR85AKgAKYLoFQAAUwRcxBgVAAUwXQGBUUMyLnADBdAYAjI95CoApgugBUABTBdACoACmC6AFQAAAAAAAAAAAAAU5hUAAAAAAAAAAAAAAAAAAAAAAAAAAAEdPGH/AG56L722flD45dHUXGH/AG56L722flD45dHPs09+VPOfafc8/hfBfQ9bA9lEciM1qnPVDHUrc2Ot/PNyROpNef8ARIx4xQyIyMjLJHuMYMXZ3NwnDnIuL6Ta3CnZnN8IO91TtozfqCX2FHvJcdbLZtKSfdSaMY9wXCtEUbgj2u1UUmT8u+ai/Tdst5xkxUoeNP8AR5XcfhHkpuulGqVDplH1X0po98u0OOUOm1F+c/CmNx0+wZdca/hkJ5i2t5F084xTUjU2ual1CE9UIUCl02kRig0mkU5rk4kCOR52G085mZ71KPeZ46CIZ9SpSUqlWMrud9t7q7u79G3kvfyGmYLAZhOngsvr0dEcM43neLjLRBwjoSbktV03qUdKut+Jl2hvaTrN7xl/Kmx+/BL+3fC8UVn5C6MDs2/Zdm0i7aRGpzMlF20Y6M8tbhpOOg3UucokiLsj7HGDwW8femGoUzTC8Gbxg01me8zFlxSYecNCTJ9lTRnkiM8kS8l7gppVoRlRbfi8f/K5k5jleKxGHzOnTjd1o2hut3zSj17bq29vqM2u8ikcFbS56nJM48Su1xiomktyZa+TU3teE2iPHgH3wXEuN3hdM+QRlS4lk1tdTUfsCYUwSSJXurNOOkyGKab6rTbBp1RtipW9TLntas8mqoUSpkomnHWywh5taOyZdIt22nuYyW4sXS7NaYk21Jtiacae0mxqHVloXVEw5DsuXUNg8oQ7Id7Lk0nvJBFjPPuyR1xq0tUa7lvFLbe90rKz4WfT27GJicuzB4evlEKV4VZzkqmqNoxqTc5XV9WqOpqKSadotyW9ss0lZpdpaD3FcOqkJyo2jctQiwqRRWV8jLmVSPvOUy9n7ChtO0hStlRK3ljcRHuTWpmkXfcOslh6ewF06+nYdPnVNT7vLKrlLYjtOLjxt5cgpOUGpBEo3Mc+89nlfUTVCbfzNt0tukR6PRrUpyKdTadHdU42jB7TjqlKIjU44oiNR47hC61bXa5p2tydc6bCYptWRJjyCitOqW0aW2UtKbNR4M0rQkyV+UfQL0MZShT5njHZcN7Wlqa6rN7L82ROK5L5jjcZ7Jvwar5yenV4Ckp0XShKKdpao0/DlZ+FZ38GFst4N1tNJta/7/lXRQ7dc9TOtikVKtSFMRm5k0vsqiWRGe2UdKsYI96+5zj1a2WVHc0CtCvQLytu6JdjuPWzUZlCmKktJhvbTsIlmpKTSaOyRzY7Ihr6+9WSu22WbPo9pw7dpKK7NuByPFkrdJ2TIIiwe0RYS2nKUl0H4BbLR1EmWtad42Yums1Cm3jAbiSG3XVI6neaXtsyEYI8rQZnuPceecWnXoqHMLhZq+/Hjw86S67El7D5pVxazh+DUVWMlS8F+AlzbWtP4kpzSvbU+s31rsjg69esNzUSRqH6uFb1H5VqjNw+pTR1IjYJKneyI8c+e7zD8tKdS6NqBruzJg229Ate3LDqVGptMVJy/wBQsxlGZLdL/hFmpRmZZxkufGT0PqXf8vUu5kXNNprMF1FPh0/kmnDWnZjtE2SsmRHlRFky7g/fSfUd3Su7uupuhRawlcCVT3Ycl5TTbjb6NheVJIz5v6xW8cnibqyjqu3bjv0mOuSdWORulNznXVJxjFz2i5Rs1HhFdV7uy6bXMkqN5cHKVRpMejaGXFBnOxVIiyHLsW6lh00YQtSNjsySeDMu7jA1SWcFk8mNvHrFpJyewjguWgnsdkjKrTd27d3RqIzIzMyLBGfN0DDxDTtaUX5o29SNmySlUoqcZ0qkOH7Spzl+PD/EqWt08L36QAAMYnShmREZnzFvHXnB04D826G6ZferDzTVDktNTYlHjPbTsxtaSUg3lp3NtmRkewkzUecGad45CWRmhRFzmRjuCr8OO2bD0tty0dOYCq3cUShQoj0mQ2puFDeRHQlWc4U8pJkZYThOS9l3BJ5YsKpSqYp7R4Lr7Ok0Dl/V5Qyw9HBcnYvXVbUpL4MbLfU9o8ePH4u52dT4sCnxGqdTI7MeNEbSy0wykkoaQksJSlJbkkREREXQI8eMM+3dS/e3G+USB0HwFLnr956d3Rc90VV+pVSfc7zkiS8rKlH1MxgiLmSki3EkiIiIiIiHPnGGfbupfvbjfKJAns0rLEZcqsVZNr7zkHc8yqpknLieX1pKUqcZptcG7Ju1zmNpl6Q6iPGRtvOrS22npWo8JL4TITDacWdTNMNOKJaURKGY9Ep6G3ll/GWSdp1w/Cpe2o/dEU+jlNRWNXLJpbqSUiTcFPQoj5jLl0GZfAQld1QkqhaaXZNQrCmKJPeSfQZR1mQxeT0FGFSt2esnu7XiqlfEYHLIuyd5PztqMX2eF9bOA5vDp1ePUtd0RKq0m125h7FD6mbNpcEl8xrxt8qaN+3tblHzY3Dv267foeqNgVC35Wy/Tbipqm0qNOewdRltwvCRmlReEiENyE5YSj+gRf8AYJftDZi5+jFjzXFZU5btPNRn3TJhJf8AcLmR4qripVIVndPff0mF3WuT2B5PUcDi8rpqlKLcbxVr6UnFu3GSs93u77siLqEGTS58qmTk7MiE85HeLoW2o0q/7SMdY8HTgQzbsapl+arPtMUCUy3NiUmM9tPTW1pJSDeWnc22ZGRmlJmoy3GaRoXhB05ula339AZRsoRXpi0JLuEte3/4x0/UeHFbFg6UWzaGnsBdbuKHQYUR6RIbU3ChvJYQlRHnCnlJURlspwnJeyEXgaWFp1pvFPaPDy79XSdC5X4/lDjsrwkOTsXrxCvKS+BFxTvq4R48ePxdzs6nQ6fTYbNLpkZiNGhtoZaYZSSUNNpLCUpSW5JERbiEevGH/bqpHvcY+UPjfnATum4L1sS7Lpuqqv1KqT7mccfkPKyaj6mYwREW5KSLcSSwREREQ0Hxh/26qR73GPlD4mc1rRxGXKrFWTaOWdzzK6mScuJZfWlqlTjNNrg3pTfHznLwAA08+ngPlz+DX+Sf9Q+h8ufwa/yT/qHq4lM/FZNDZnahQ/FsXzSReRZrM7UKH4ti+aSLyOnn5+AAAAU5hYL0v20NPaM5X7yuCJSoTfM4+vBuK/koSXZLV/RSRmOfuEVwxV6Y1WXY9nWzJerzGUuzKnHWzGZI+ZTaDwp/wKLCPCrmHC96X7eGodZXX7zr8uqzVZJK319i2k/4raCwlCfAkiIYNfHRpPTHd+g0HlBy8wmVSlh8KucqrZ9EU/K+nzL60d3af8L76rOuFG0/s6hHFt19Etb8yaX+EyTbYWtOygjw0nJFz7SjL+TzDprJeH4BDPRK9W7aqLdXt6rTKZOZJRNyYjymnUEosHhSTIyyRmR+AZN9W3WL8al2eWH/AEhj0swcU+cV2a1lPdHnh6Ulj4Oc3Ju6sklZWSXk3Jcsl4fgDJeH4BEb9W3WL8al2eWH/SD6tusX41Ls8sP+kLnslH4rJT3T8J/Il9aJcskKjhvgL6g33d+ptbg3Vedbq8ZmhKdbZnT3X0IX1Q0W0SVGZEeDMs+Ex2FfVeui3KH6o2jY0q7J/LIb9T40+PEXsHnK+UkKSjBYLdnJ53DMoVlXhrSsbvkWcQzzBrGU4uKbas/IZDzc4ZLGcjUmslfuBbOntuHWp1nR7xrzdOq82M+0mTGT1FIfTFQ/hSULdeabZ5RO/eZIPKkmNS0G8LpvGut6cVvWesUi36Oq61QrmiyY7EurlTpMZtrlHzRsOdTofe5TZIicNklLyRLI7xMHWuS6QyXSOSPqzaoPIrLVHnTK7QjvCzYbV2Mvx4bbUWY3SDeSmGsuUSl/qhxeCI9nqk8GRJ3fhH1FvVih0HUJOqdSfrl3zbmgVS3VusqjUxESJUHE8gxsbbC4jkWOhSjMzXyitvJrRgDr7JHzGQZIu6OGLS1e1fo9CeYk1+45k6VTbKrEGHUazAmPy1yquzHl7EhlJJjtPJcQ3yTu/slKSZEShnbGoGo17aiu2DdterFiwKpecyC63FqMc5MdEehwZLEBqUgjSjlnHnnz2ezMm1JIyLaAHS1eu217XJpVyXFTaWTyHHGzmSUMktLZEazLaMs7JGRnjpF2yWM5HDFX1Xvi4ojVos3PHuCrSbbri7eqkuDHfbQqnVeWyVf2djYJ1ENlBpWnCVurb2SwsbsvO47oqWiOlsiLdlVpc66qla8OfUYTqG5S25XJ8vhZpMiUrJ5Mi7u4Ab7yR8xhtJ6SHIL2ql+6Rxapc1Ru2rXJRKLdNx2gTVTdS867KVHZepW0pKE5UchtcYjx/wAaSR5wRjK41tX5QtUbfoNc1ivKW6zYsmvVJgpzRRn6lFciMqPYJrJNKN10zQR4MzLoAHSgpkubI0Nwbtc61fFKtSzb0orjNem2ZDuBuooqkeame0SWW3XXSawqO4pbyFEhScHtKIjyhRFiN135d1B1ZpU+2NRKvcMGu3HVKDPj9VRm4NOJmLKUqIiCaeXJ6NyDbxySPCyUra7FaCIDqfJHzGQZI+6OD7G1i1LgW0mLdF9Xkw5dFnUKdT1HUKXU5smoSZ0eO4uKsthuClwpCGy6pPCTc2y3tKI7j9WPWC2KVVKbSKrVZ0yh3tPpSYkqqx6tKjxutpyYtDzzaCKScd7akcknLh8nyW0o8ADt/JdIZLpLcOYFXzdtIvalaS0jUKo12Lea6DX6DXXXELfXRGmjXVVJWlJJPaKIg8kW46kWzjsSLWqdY9RIzE24KXfNzKiXPp1dVxwZFWqUFSn1xmEOxZsaAwSzgISazSlKlmZlglp20mYA7pyGS6RzFq3rRULRrFwVNF8uRqNRaPZFQkHHcbcJpEiuutTlEREZmpxhKUGXd7EiwZ5GLNa36uWvcJy7tmSn6jUL9cgwraSSEkgpdtpkwKSZkWcofdaNxfcUTqvYlgAdjCo1dwa6pdtW0niu31cZ12uRatWoEyobBIS+uPUpLJGlJFhKCJsiSXOSSLOTG0QAGstbbgu5uBTLJ04ltR7ruJ5aobzhZRHjxk8s+4rwHhtn3XyGzD5jGhbT1b0sqOot1XxcWpFsQVxnDtqkR5VVYacbiR1mch3ZNWS5WRtY3b0MtmMfETSSg3a/Zt0/l2kzk2GqVKksVCnzipK9rak5PaKa6VfwmnxjFo23YV1w73s+k3VCbU03UoyXlMq9ky5zONK/pIWSkH4UmMgGldKb5spOqFzWNad30asU6sEd0U1NPnNyCYccVsTmD2FHs/Zdh4i7vLr6BuoV0anOQve74GPmuDeBxLhpcYu0op8UpbpO/SuD8qYAB5apHmS6bLi0+ecGU8wttiUTaXDYcNJklwkK7FWyeDwe48YMXSOPSpSUJNSjIiIsmZ9whjMfU/TWXRZdyRdQbaepMB4o8ue3Vo6o0d0zIiQ46S9lCsmW4zI95DDr1091Jqmgd4WG/fDl0XNVaVOjRZzsRinG6bjZklgyZwhBGWUbf9PJ8w1JV7LrF+3Om5rY0dq1s0BpVnUyVTJ9NairkriVtuQ4rkEmZKaixiUjleZRLUSNpKcgDpiFe9mVKmrrNOu2iyoDZNGuUzPaWyknccllZK2S29pOzv7LJYzkfjJ1DsGFUqhRpl70BioUmMcyoRHakyl6JHIiM3XUGrabQRGR7SiIsGW/eOddTNINRqlXNTZtsrqMSizKzazsaiRabFUxVmo/UfLKStSeUQTfJqIySaSLkz5xbLJ0ovFnVKm0m5aNd766Ze1buCRK9S6YzSVRZK5SkvnO5I5Egnmn2mlRzVtkacK2UNJMwOmqFqTp3dElMK2b8t2rSFK2Cag1RiQs1bJrxsoUZ52UqVjoIz5iHsO8bSJMpZ3RSSTBQpyUZzW8MJS4ptSl9l2JE4haDM8YUlRc5GQ5trtp1PS/g7Jv2JazcK5rCu2qXTEhm22w5MaOqzEchtF3HocpSUlnftoLHcGL3/ppedjW1VrNp1hXLcsquaZwaOubS4JSGnax6oS5Mw3VbRbG05IU5k93ZgDsI7goRTvUs61BKZy5Rep+qEcryxtG6TeznO3yRGvZxnZLa5t4sdS1a0roq0N1jUq1YK3CcNCZNZjNGokOKbWZEpZZ2VpUg+hSTI95GQ5vuGh6r3leUq8bFsOvUV+r6gxXI0qrw0x3KdEVbDkB6oqbNRmZNLWrZLnUskFzHkXu0tEHaBamndtM2Es4tu6nViQaZTCHXGqQa6ryLzilZM0L5VhWec1OEZlkwB0Mxe1myq85asa7KO7WmmClOU1uc0qUhkyIycNolbZIMlJPaxjBkfdHgpuq+l1YVKRSNSLWnKhNG9JKNWI7psNkokmteys9lO0pJZPBZMi5zHL1H0/vi1r9S9W7cv8AqcigXnWbsNdNo9NKE/Gd6pU26iZyfVMhTjLrcc4u2S8lsnstoSY/K59FL3h6PW1SaVYEpFXi6Qy6RObgxWVPpqJyqS4lk8dit3DD6iI8kZtq39IHaADVOhdW1Pqjtyne6K87RWpbBUKXcNNjQKm+k28yCcZjYRyaV7JIUaEKPKskZESj2sAAAAAAAAAAAAAAAAAAAAAAAAAAAjp4w/7c9F97bPyh8cujqLjD/tz0X3ts/KHxy6OfZp78qec+0+55/C+C+h62B7qFQ6vc9ZhW9QKe7OqVRfTHixmiyt1xXMRZ3eEzPcREZnuIeEXmz7xuSwbiiXZaNTVT6rB2uQkE2hzZ2kmlRbKyMjykzLm7owoadS18Ok2zEusqM3hknUs9Oq+m9tr2u7X423twN6S+AVrpFoyqk05bkqWlvlDpzNQVy/5JKNBNmrueyxnujV+l2iV9auXRUrOtiPEj1SksLkS2qi8qPyZJcJtST7Ez2iUeDLHcMdFcFC1dVL0vyVwnrjuN2ZT0nUETI0Za3JdRdS3s8ghgiJCUEZpNKc86UkRFzj1cDy43bu4Uepd0P0p2mOVSFMkqhPJ2XI+1Na+xrLuLLHZf0sicjgcPWlSai4qbas3xVuPkOSVeV2d5dQzGFWrTrTw1OMtUYtKFRy0yptN+Ekt9W3l3dlredwC+EDEjLkMw7elqQkzJliq4WvwFtoSnPumQ0dT7Oumq3UiyKfQZr1fclKglTybw8T6TMlIMj9jjB5M8EREZmeN47c0b4LOpljao069qnrLBn0+A+9IegQJkl5yUhSVlySkrVs7J7RZznm3dI8mgUqNWte9cNXana8inT6Kwo40CazsPsEaVmrbT/FWtMZGcHzLPBmR5OqeVwk4LS4XbW7T2Svf1FrDd0LFUKeLnztPExpUoyUowlTtOU1CMGpSd1dptrgtuLRqdXAE11TSPVEn7ZVK2NvqAqivlc/ydvk+Tz/pY8I0xRtMrwrGosbStVN9T7ikTDgHGnmbRNPEk1YWZEeCwWSMskZGRlkjH23rFqS3eZamFeFU9XuX6uN/qleyZ52uT2M7PJ47HYxs7O7A7O1XpVPf4VOhN+xYqGJNyMn1USSxtG00akGfSZJeNOehJdAx44bC4qOqimtMop3d7qTtfyMmcVnef8nqve+aVKdV1aVWUHGLjoqUoa3Fq71Ra4PZ7b2OIr9sqtacXdU7KuI4x1GkuJakdTOG43tGhKy2VGRGe5Rdwhl948HjUKx7ytaxa0qknU7w5P1O5CWpbXZuE2nlFGgtnslFzEe4dI638DW6dSNVLkvaDqLalPj1eQh1uNLU6TzREyhGFY3Z7DP6SHt4SzRx+E7oTHNRKNpcRBmXMeJrZZ/7BXLK+bVSVRNJSSj5m7fdYw8P3QlmEsHRwVWMpyo1JVVpfgzjSUla9ttWq9r8Dju/NObm06viXp5XWWHqzDcZaU3CWbqVrdQlSEoPBGZmS0lzc54GfVrgnas2/eNr2LU00VFWu5MhUBCZylIRyDZLcJ1Wx2JkR9wjyY6TVp3S53C31D1nvPYZtjT5mLNU66XYLmFAaUn3eTRlf5RtjB+Hdcz9agaUXhTVyYC6nSpU9nYdNDrSXkxlknaTgyPCsHjwiqeX0qNKrWqdEtl5FKz+vgUYTlxmOaZhgMswmlOrSvUm43SqyoupFJXXi7Skr7p2ujD/WBa+cxrtbyov5oYu5wSdWW9SW9K1qoRVt2kKraT6uVyHUxOcmfZ8nna2u5jm7o2npvWaw7wD9SKk7WKguW1V1pbkKluG6gtqHuSs1bRc58x90xZOATUahUdfJT9SnypjibclpJch9bqiTyzG4jUZnjee4O9cHOdGnGLWuz48F1cCn2wcpMPgsyxtavTksK5wsqbWpqMWpX1uy8Lhvw4ng9YDr702v5TX80NCXbbNTsu6KraNZ5Hq+jS3IUnkV7bfKIPCtlRkWS8OCHWVZ4HGqdQrM+axwgaMy3KmPPIaOpS8oStxRknBLxkiPGPAORa/EkwK7UoE2b1ZIizHo7sjbNXLLQs0GvaVvPJpzk9+8YuPw0cOlam478W07mw8js9rZzUqa8bTrqKW0KUoOLfW5N34NWXnPCAAIw30AAACQ3i7PtO1z3yPfJ2BpDjDPt3Uv3txvlEgbv4uz7Ttc98j3ydgaQ4wz7d1L97cb5RIG0Yn9zw7PvPn3If8A9OxX+f8ACjUHB9WlvXSwFrPBdcUIvhcIv+8Si6wpUvSK9EJ5zt2ol/8AxnBExYNaTbd923cKzwmmVeHLUf8ARQ+hSv8AsIxL5eVMVX7NrdHYMlKqVNlRkeE3GlJL/WIVZA1LD1YdP5r9Cz3ZY8xnOAxU/Ft+Gab+9EMiD+xpP+iX9Qlz4PaTRoTYaVc/W5B8ykRGLbdZbNlxtSXW0mhSDLeSiLBl7uSwJj9MKO7b+nFrUJ9s23KfRYMVxJlvJSGEEr/tyLPJyL5ycvIvvJTu51orA4Slfdzk+xRX5oi/4TbiXOEDfykHkirLif0khBH/ANpDWQynVavIujU+7riaUSm6jW5r7ai5jQbyiSf6pEMWEDiJKdacl0t/edhySjLD5ZhqM+MacE/OopMkI4ur7Utwe+Jz5MwNMcYf9uqke9xj5Q+Nz8XV9qW4PfE58mYGmOMP+3VSPe4x8ofGwYj9zw7PvOIZD/8Ap2K/z/hicvAADWT6CA+XP4Nf5J/1D6Hy5/Br/JP+oeriUz8Vk0NmdqFD8WxfNJF5FmsztQofi2L5pIvI6efn4AAABiuoGmFjaoUdVEva341RY3m0tZbLzCj/AIzbhYUg/cPf3cjiLWfgN3lZ/L1zTR565qSnKzhKIiqDCegklhL5F0pwr+ifOJBxQ9+4Y9bDU6/jLfrNfzrk1l+ex/6iFp9EltJfmvI7kSujelbuqupcHTmVVHKK7LTJ5R5cY3FsqZbUs0m2ZpPPY4wZkZDpj63K1+NtfkUvnh1VK0ysiXesDURVAjN3FTkuIaqDSdh1aFoNCkuGX8IWyZ42smXcMhlIsUsBTirT3Neynuf5fhqUoY+KqS1O0ryXg2Vk0mle9+vznFn1uVr8ba/IpfPB9bla/G2vyKXzw7TAXe8qHV6WSntHyH+R9qf+4594PfBTToRds+6EXuqtFOp5wDZOn8hsZcQvb2uUVn2GMY7o6CABfp040o6YrYn8vy7DZVQWHwkdMFva7fHztst9et6g3VSn6Fc1EgVamySInoc6Mh9lzB5LaQsjSeDIj3lzkLVUdNNOqvQoNr1Ww7dmUamKSqDT5FLYcjRTTuI22lJ2UYIzLsSLnMZKArM4trlt266mQh2g05aZchqXIJUVsyefa2OSdXu7JaOSb2VHvTyacY2Sx4WNP7Ei1uoXJGsuhNVartqZqE9FOZTIltqIiUh1wk7TiTIiySjMjwWRkAADGqNpnpxbkd2Jb2n9t0th91l91qFSmGEOOsqJTK1EhBEakKIlJM96TLJYMeit2JZFywplNuGz6JU4lRfRKmMTKe083IeQlKUuOJUkyWskpSklHkyJJFnBC+gALSzaVqxzbUxbVKbNmAdLbNENstiEeDOMWC3Nbi+x+x3FuHoXQqI5EhwHKPBVFp62nIjJx0G3HU1/BKbTjCDRgtkyxjG7A9wADA7z0rh3dUaGlM5inUSDWkV+qUyPT2v91prK0OR1uOHvTsOtoWrBGa9hJGZER5zFylUx6aVSep0VyYmOuKUhTKTd5FRkpTe1jOwZpSZp5jNJH3B6wAFgtiwLEslUhVmWVQaCcskk+dMprMXlSTnZ2+TSW1jJ4zzZMfRWHZBXI/eJWfRCr0pk479U9T2uq3WjIiNCntnbUnBEWDPGCIu4L6AAxKHpHpVTqbUKNTtM7UiU+rNpanxWKNGbZloSeUpdQlBEsiPeRKI8C4UmxLIoCWEUOz6JTyirJxjqWntNcksmzaJSdlJbJk2pSMlv2VGXMeBfQAGBUfSqJS9RUXuc9jqKlUhVGt6jxqe1HYpLLqm1yTSpO9ZuKZaxuSSEpwRHkzFzg6VaYUxUtdO05tiMqfy3VRs0iOjl+WSaXdvCOy20mZKz7IjMjzkZUAAwCFoNpHS7ibuOkWBQKe4mCuA5FiUuMzGfSb7D6VuNpbLbW25HbUhR+xPaMt55LLHLZtt2emqu2/TVzUSSmpkqiNm6UgmuRJ0l4zt8l9j2s52OxzjcLmAA88GnU+lsHFpkGPEZNxx422GktpNxxZrWrCSIsqUpSjPnMzMz3mPQAACijTjCjIsjweoFDMzM6RBPO/8AxZH9wwzhBGZaK3saVKSfqHK3pMyP2HSQ5E4VTuk+hOjdUu9i2qbBrMr/AACiuuQn5baZikqWlTjZL9gSULM1Hki3blcx6Nyp5bU+TWYYPLe95VamJbUdLW1mlv023u7X2TJ/LssoVsJLF160oJNrwYqXBJ9M4/G8p3jHpFKhu9URadFZcIjLbbZQk8e6RD2EZGWSPJDgu0Iuj2qXB1f1Sta2IxOu0GYo3zjvxVtzWGVJdUltSzNBE6k1J3n2Jp3mO5LcM1W/TTUZmZw2TMz/AM2kVcjuWlLlbUxVGNCVGeHlokpWvfe/Dqt0lOa5ZRwlCniaFVzU21vFR4JPonK/HyFxAAG7kEBTBF3CFRhmqeo7em1nu3PGoj9ekFNg09inxZDTTjz8qU3GbLbcMkJLlHCyajxuMAZlgugMFnON411Ymr53FVa1bN6WjNsqu0JMF5+HUZsZ5t1iYtxuM40+ytSFbbjTjeyeFbSSLB5Izz5c+E3NaprktlMt9tbrTBuETi0INJLUSc5MiNaSMyLBbRZ5yAFtuSzbWvAqaVz0KHU00ie1U4SZLe2liU3nk3Uke7aTkzLPMe/nIhedkj5yIeF6u0WOUk36vCb6jebjyNuQguRdc2eTQvJ9ipW2jZI957acZyQt/X/YvqtPoPXnQvVOlsrkzoXqizy8VlJEanHW9raQkiMjNSiIiI94Av2CLmIgwXQLRMvC06ew9Kn3NSYzMaGioPOPTWkJbiqMyS+ozVhLZmRkSz7E8Hgx5pWodhQaHEuebe1Aj0eoHsxKg7U2ERpB4MyJt01bC9xHzGfMfQAMgwXPggwXQLS3d1rPQ11Fq5KWuI3CTUlvpmNm2mIra2XzVtYJo9heF52T2Vb9xjxtakaev1orbZvu3nKsp3kCgIqjByTdxnYJol7e1jfjGcADIiIi5iFRYqZfVlVuDPqdGu6iz4dKUtE+RFqDLrcVSSyonVJUZNmRFk9oywP2o132pcTESVb9zUqpsVBLq4jsOa08iQlsyJxTZoUZLJJqSSjLODMs4yALuA8dWq9JoFNkViuVOJToERBuSJUt9LLLSC51LWoySkvCZi0VHUfT2kU+BVqtfVvQoVUbN2DJkVRhtqUgiIzU0tSyJZYMjykz5yAGRgLNJvK0YdWp9Bl3RSGKlVm+Vp8Nyc0l+Wj+U02atpwvCkjHw7fFmM1abQXbtoyKnTYxzJsJU9on40ciybrje1tIRgyPaURFjugC+AMS1E1Eg6e0el1mTT357VVrdLojaY6k5SubJbjocMz3GlJuEo8bzItwylD7LijQ26hSi5yJRGZbzL+sjL9BgD9AAAAAAAAAAAAAABHTxh/256L722flD45dEhnCm4Kd+653/T7rteuUKFFiUluAtue48ThuJdcWZlsIUWMLLu55xpv63XrD33Wh+2k/NDS8wy/FVcVOcINps+quRPLbk/l3J/C4XFYqMakY2ad7p3fkOVxmWj1vWPdmo9GtzUWuyaPQ57psvTGFoQaHDL7GlS1kZISpWEmrG7JH4Rvb63XrD33Wh+2k/NAfF16wHu67rQ/ayfmhi08txcJqTpXS6Os2DF8vOTWJw86MMwjByTSkr3i2uKuuK4oz/Sngk6gaS6xx74Yv6mxbHpb70nlimrJyVDUlWyy62ZE3zGnaUajLsdot+MfvweLqtu7uGPqjc1sPMrpcylq5B5J4Q+aHY6Fup6SUpClEfdI890YAri+tb1xeol35bKoxbuQVMmG3j8g28f8AYPxTxd2saDyi8LSSfST8ov6mhKxWIouKpUGoqWqzd+i23UjndetkmZQxM8xzmE6tWkqSkqbilFSU7ySfhSbXWrb9mT6ecCe/rG1Io9+VbUm2oUGk1NNReVCfeJ5TSV7ZtkakpSRKLsTyeMGe4x76Nwi9OYfC1vFMqpRStK66fFoT9SJX+DqlR0mknVK5uTVtuNbfNuSecbxhS+Lw1lcTsuXjaSknzkqRKMj+FofP1uvWDGOu2z/2sn5oUKOKopLD0HGzvu732t5Osv1K/J3M51amd5vGs5U3SjphzelOSlfa92pRTV9i7FxfVVTdvVq79ovWET3VHVe2rqo4ec8njHJ7Wz2PKbez/Gx3B77n1bt3Urhl6a0yz5LT9AtOT6mx5LSstPOmhw3FIPuoLZQgj5j2TMskZCwfW+dbupeoevu2OpubkOrJnJfqcns/9g/IuLt1iSZKTd9okZcxk9JLH/4h46WIgtNDDuKbTe972d0vIi7HMsmxk5Vs3zmFacadSnTtDQo85HTKbSvqk15UvVq/habB8Ii+jThRHNa3kef+LNDozhHONnwlNBVJcSZF1FkyUWC/wtsYEfF26xKPKrvtEzPum/JP/wAofR8XfrKoyNV42kZp5jN+Vu9z7ELcaOMi6j5l+HJPitrO5m1s15MVYYKPslD/AKalOn4r8LXTVPV5LWvbe/C/SZtw+9V4VGpKdHrYcbRJrqiq9wLZMsqaIiJltZlzms20qPP8VpBcxjAuGO4hzTzRDZWlRlbG/BkePsEQfsri7dY1HtKvC0TPpN6SZ+aA+Lu1kUREq8LRMi5svyjx/wDiFeIjjsS6jlSfhWS34WdzEySvyRySGBjRzGDeHlUlJ6X/AIkpx03+bZWtx2SXlP100cR6wTUtvbTtHWF7s7/ZQu4LPxfziG9dZa1qJJdb0zeZ4/4VgXMuLu1kJJoK8bSJJ85cvKwf6OSBPF3axoPKLwtFJ9JPyi/8oUQo4yNSlU5l/wCGkuPH/lzKr5pyYrYHMcH7JQXfc5Svpfg6lFWtfwvF47cfIeit8ADUyp1mpVRq9bMS3MmSJKEqdfySVuKURH9j58GObL9s2fp5edXsiqSo0mXRZJxXnYxqNpaiSR5TtER47Iuch0b9by1o79LU/eZXzQ+T4u3WJRmpV32iZn3TekmZ/wD4haxGBq1V/h0HF367/kSWS8ssvwM37IZxTrQtZJUtFntvdOV9la3b0HKwDqj63XrD33Wh+2k/NB9br1h77rQ/bSfmhiexeM/ls2L3Q+S/y2Hp/I5XAdUfW69Ye+60P20n5oPrdesPfdaH7aT80HsXjP5bHuh8l/lsPT+RuXi7TItHa5k8f75Hvk7A0hxhZket1Lwf/NuN5+QNi2HwX+FzphSnqHYesNs0iDIkHKdZbStZKdNKUmrK46j5kpLnxuFnvvgX8JTUysN3BfWpdq1aoNR0xUPuG6gyaSpSiThDCS51KPmzvEzWhiKmBjhVSldW6rfecvyzGZNguWFblDUzCi6U9VknPVukldaLek4zMiURpPmMsGJSOCjrTTNW9MafFkTW+uGgR2oNVjqP7IZoLZRIIu6lxJEee4raLuDmD63XrD33Wh+2k/NC72rwGeEPY9aYuK0dSrbpNSjZJuTGlSUqwfOky5LCkn3UqIyPukMfLaWNwFXVzTcXx4E3y5zLknyxy9Yfv+EKsHeEne13s09uD2vbdNJ72s9+zOBdotO1IVqO9DqJLcmeqDlKTISUBcja2zUaNna2TX2Ro2tkz7mNwu/Ci1lp+kGmFRlNTWyrtYZcg0djaLbU8tOyp3HPstkZqM+bOyXOZDFkWtw6EwupPqkaaKd2dkpJ017lfdxyexn/AERpi8OBFwjtQK25cV6am23V6i6Wyb0iRJPZT3EISTJJQkv5KSIhLVqk6VKUcJRalLyJdvE5vlmDwuYY+hV5SZrTnRo2SSlOTaXCO8VZO274226muOy3ERZM8FjJ85io6o+t16w991oftpPzQfW69Ye+60P20n5oaz7F4z+Wzvvuh8l/lkPT+RuDi6jItJbgyZdsTnyZgaY4w4yPWqkYP/m4x8ofGwbC4LvC30wpb9GsPV+2KRCkvnJdabStZKdNJJNWXI6j5kpLceNwtF98DHhK6m1dqvX1qZatWnsxyitvuG6g0tEpSiThDCS51KPmzvEvVp16mAjhVSlqVuq33nL8sxmTYLlhW5QzzCi6U9VknPVukldaLdHWcaAOqPrdesPfdaH7aT80H1uvWHvutD9tJ+aEP7F4z+WzqHuh8l/lsPT+RyuPlz+DX+Sf9Q6q+t16w991oftpPzQ8lW4vnVumUqZUn7stJTcWO6+skuycmSEGoyL7Fz7h6srxl/2bKZ90Lkw4v/rIen8iQKzO1Ch+LYvmki8izWZ2oUPxbF80kXkdAPi8AAAAAChmREZme4gBUYjJrNab1IiW+ir01NPfp7s1UdUYzkZQtCNkl8oRYM3NrOx/FxvzkvVcFfiONRqbTq1FaeqD5R+WQ+g1NN7KlrWX9LZSZF0GZH3B+aaHY6YxxupKSpJkZGpZoW4oz51G4Z7Zqzv2s5zvyMmklTu5rimuHp/L1EfiJus1GlJLS02727NutcfuZlADGKDXIcJ6bRZtaYeKCtBsPOyEmtbC05SSjM+yUkyUnPOZJIz3mYyVC0uIS4hRKSoiMjI8kZCxODg7My6NaNaN0fQAMcvv6oPqF/7NOt71Y5ZH+XOX6m5LftfwHZ7XNjuc4pLpkRngMl4fgGnNdLdXdkPS63rrp6JzE28IqaxHjcr1O4RU6apRHgyVyfKJSZbXQnO8aHg0qwKHNaomscSoxtO4Dt4RqIyo5fIN1FFbdJCU8nlfLlE2Ops7/wCE5LsgB23kgyX/APSHBspjXaUdn9aiZ8evmdHj3C5VDfI3bm9QZxmpO/YS6mMthL61fY+qep8llDubNqZWLdlQzkWNRpVKfoVEt9+3lVZVSk1s0EpDji4LLeyiPyauWRKeWazNxDvKFskkjAkLyGRxlbD9tStUX+tx+qvajtat1JEozVIVsUBLznVKTM/sZQ+RMyx7HlzTj7IMXlFq+3oxbjtxyGTjlozcCqd1A1NTLQ4SKcaeqzUo9p7HNskSsk5gAd65GN2hf9CvZ+oR6K1UUrpThMS+q6e9GJt4zURtZcSnaWnYyZJyREpB57Ihy5XtUb11MqUGGt2HU4dHeq7bFft6HNiwJhu25UTNk0PGpXKMrS2ZqStSTN1vGysjIXvg29elV1Jty87nKtxo1b0xZbgU2aTiUwoseRFQypxJ7ikPGbry89kSXEJP2BgDqzIZIcO6kuXBEqusM24/VVNIJN3Jth+OuQgo1WKkRVrU4ednaVHS6UZSexJRSCPs1IMVr1Ts2BSbjVpfT50vT+bCtmHWFypc+LT26wuY7yz010km7spYJophJLKzU0l00malEB3DkVHD2k6b/K47eg2A/TG0xL6uJMAn4NQZoyIK6NEcLkGVuG4lhTi3FNmatgzUpSSIjIi6L4LpVctD7eKvm4dR25/VJrJwsr6ukZwTnZbP8nO/ZwANrAAAAAAAAAAAAAADXnCD+0re3iOV/qjkHjCLJYu/g21OY9UXIqqFMiy0JQ2SidN5xMU0nkywRFINW7nNJF3cjtzUi0nr6sSvWhHnIhuVinvQkSFtm4lpS04JRpIyMyLoyQ0fqJwadTdULNqFiXVftqKpVS5Hl0x6FKacPknkOpwvqo8dk2nO7myOTcveTGcZxn+VZnlkU44eTc90npcoXST4txTNpyyrhZ5bLDVqsYS1Se+rpjFLxYvpRp7QO1GbR4EcKKxNXJKp2jLrCjWgk7CpUZThtljnJJngj7o7ktvtepn5mx5tI57pfBp1SounEfS2mahWq1RYlHKhsmqgyVvJjk1yRGazk4NWz3cc/cHRtMh+p9OiwTXt9Tsoa2sYzspIs/8AYLnc25MZtkGKzPE5rFJ4irrjZp3V5cbcHuinOq2G7yoYehVU3FyvbVttFfCiupnpHlqkeZLpsuLTp5wZbzDjbEomkucg4aTJLmwrcrZPB4PceMGPUA6qawYdRbYv6BYk+gVnUhVXuGQ1JRFrp0liMcda0GTSuQbPYVyasK3+yxvHNFQ0hvmj6LXFQ69YFZmypFStKSbVJmG/MXBiSo/VUVk21pXttuNTJJOkpKnOrSWZk4ayT2QKYI+cgBxXUrAuddJvqq6b6f6jUS35z9qy0MVtBz6y9U4lXbcekxW5Trzqm2oqE9g6rYNaewR7M1bJ0oZ1ar2rNHui+qRWnaVTadcMCm1SrU1mDNdjOuUpbXVTDJ7Da1ONSiRhKTUholGlJ8/ReynGMEBERcxEAOXtQNLdTqvdWoNZpNQqjNHnXxak5FIapkdxFTYj+pXLSSeUXKpJvkXM7Jl/AHuPJ5xO3rbvxnVC3blrul9baiUK4Lnm1Wl062IzUFhqRFnEjk5Jmb9QclKNszWS+TNThEtKD2ST2bgugNkuggBxJZ+kV+2TQ4rN26Vzqq3EuSiXZJixFqnZoaGZDUeiIJZ/ZV0txba0tcy0p20Ea8kLnRpbNN1NbZqejdznQ3K9Vr2j0VigdUriR5UVqBHN2OR4YU+81UZGwZZTkjURKWZDsjBdA/EoUNMtc5MVkpLjaWVPEgttSEmZpSaucyI1KMi5iMz6QBwRR9NL/wBR9NCtqm2bUWqCrSdNHrBONE07IqlKlVRCKOlOc7SpK21L7hoa2c/ZBuq5dIbirdfuF+hW01BqdR0kKkQqothDfJ1han04N3G0l0iUjKuciPOR0bEhQ4DRsQorTDalrcNDaCSRrWo1KVgu6ajMzPumZmY/bAA4hpGlV2VKjVCexYd6S49MpluxKjRqpRKbSmqhFhVNmS/TmWGEIKUpDLbpJdNRtKJzk0mrbUZZLd0a5nL0ouoen+mV8WPAXIuDbk0W3mJVQmOvMU5KZD8GQk0xidXHWktoiWoo6VKNG2OucF0EGynoIAahuCTd0/Q6gT9StN3K7cJt06RV6fTIzUlyBLI0qOW1HWakvKYc2XeSSazykyTt4LPNVAj1MrbqlgVjSi7K3NoNpXFS4plbiHVnNrM1yUw460g9iI4phDDimywls39kiSSTSXeeC5sD8WYMJh9+SxEZbelKSp5xKCJThpTspNRlvPBERFnmLcAOGmbFuW75JVWLR7yl0+9YtpT6K7SaPAW0lmNEiIMnZ8htTkBcd5l90yyRGTmWyUtahmFesusOWbeGnzmhNSql4KfvSeVyHFQ2w4ie1NOO+xIIz6odebfjxup85TsntbKW0GfW0SFEgRmocGKzHjspJDTTSCQhCS5iSktxF4CH64LoIAcwWk3qfdUBNHvOn3nULdplWtSXTZFWt2NCqKZrM5LkhHIsmglRG0tsqU8pJKTtLwTpEMkszTa/IOvU69W4CqJbjk2ryDZN5DvLx3iYQlnZIzMuWlNPz/8A4e2SS7J90k77wRcxEKgAAAAAAAAAAAAAAAAAAAAAAAAAAAAAAAAAAAAAAAAAAAAAAAAAAAAAAAAAAAAAAAAAAAAAAAAAAAAAALNefahXPFsrzSheRZrz7UK54tleaUAFmdqFD8WxfNJF5FmsztQofi2L5pIvIAAAAAKGRGRkZZI+chUABqLhE6TFfumcym2zSoyarCdbnxG22koN9SMkpvJY3qSpWM7trZEfjtNmsz1Ut+E81MS5ySoy2lE6S842TRjaznuYyJXzIj5yHnVTaeqUU5UGOcktxPG0nbL/AEsZG4ZByuq5JQlh509cW7rezT+p7f8AOk5zyt7ntDlNioYunV5qSVn4N01fbpVn95pXgu6QvWPp+t67qOyiqVqT1YuO+0lS47RIJLaFEZblYI1GXc2sHvIxvFCENoS22kkpSRElJFgiIu4QqREXMRCo1rH42rmOInia3GTv5F5F5jdcpyyhk+Dp4LD+LBW8r8r873AAAxCRApghUABTBdAbJYwKgALJa9oUSz2aixRWnUIqlTl1eQTjprzJkOG46ZZ5iNRnguYhesCoACmCDAqAAtF22vSb1ter2hXW3HKdW4T1PlpbcNtamXUGhZEot6TwZ7y5hc2WUMNIZbzstpJKcnncRYH6AAKYIBUAAAAAAAAAAAAAAAAGH6u3HVrR00uW5aE4yioU2mPSYynm+UQlxJdiak5LaLPcyMdRZ+uK18mWudG5Qkko0dZ7eSI+7jqnm3H8A9/CC+0vefiWR/ULffVeLS6739VK3AmP2s5Qig1eXDjqfcpfUzrr6H3GkZWpk0vOkpSCUaDQgzLZUak2HHXUabeyXS119RM0sRLB4GE6cY3lOablCEtlGnbxou3F8C0XnTdcrUtKv3K3rVRZTtDpcmonG60kJ5TkmlrJJn1SZpJWwZZx09A27RZTs2jwZj+OUfjtOrwWC2lIIzx+kxpuv+qtesPVvUSbRpdJh1q13YNNjTWuSkuRY0WSon3G8mbW2uQ5soV2RISk1Ek1GktvWz2u0v8AMmPNpHsI6ajSvwXS319ZRi67xWDhVnGKlqkrxjGO1o8dKV+0uYAPLVXKk1TJbtGjR5M9DDiorMh42mnHiSewlaySo0JNWCNRJUZFvwfMLxEnqFMkNRanVvUGPwbb/rd3Q6fblwRbcqzyDolVelIjkiOs23UPqaaWSyxncksGW4zGl0XZMrtfu2uaqXnXLet26bftufSqe5U5ECPBYcmzWojMp5olKiplEy2qS72JlyxNmotkiMDsXJBkiEclbve6VWlAdlaixmZ9PsSqu0yXLv2fT0Klx6zMaaep6m8+qiibbbSzyxZdQlo1n2aiGx4933jVNaTm1K8olHr5XzTYUCBOrtQRUl0VxEdRR00ZppUdbTrCnlrfM8IcNalLTyOCA7UyQZIhxBRdc6NFt634tT1iiNTmbGvZqa3IuBKXkVAprBREukpzJPkknCbJXZYJWz3RYL+1QdkUiLXqVeMlFboFFtF6JLm3lIadWt5qO445T6cwjYltrJayffkKUkzS4k8JbMAd/ZIMkOPNQqNVLMe1yq1j1i5WpdAOiNRFO3FUn26fCmJaVUXUJU45sYaU8vlEoUpoiNTZFskQs9BqRVesUrThjUWHNoFWvymMxqbbN3VSelLSaZKdmttVJfJuutZKK4tDa1JaUvCjSaySAO28gZ45xxZC1OuDSi5oTcK76K3Tqeq/YqGLzuiUww81FrcdLDaHlk6t19LZGhG0SjJBqx0HtTXO+I9Y0e0/u6sVOs2ZTLiuC3XarszHIcmJEkqJTrDziDSpBYVsOHksFtHuxkgN/wCSDPdHGb993Fp3RZmomn9wVev2lAuWsWdbxOTHpzMpubEjHAWhxalcs21Vm1xkOmasNvKSSjSkhlNZpGsmk8amWs/IlVq36jelnKTcTlwOdVMIN+nRZUZbK0mtZOusurPZVsKTJXtbyMlAdR5Hkq1VhUSly6xUXFNxILC5D60tqWaW0JNSjJKSNSsERngiMxxd1868NWVak2myCWtaL7XR5EWqyZU+fKYj1A4yH462iQewpCdhO25vQgiIu583Hftu2bSqhV9JdRrjuG04lFtur199isyam6ioHXYSSIlqWpTcmRHOUlyORpySUbSE53gdj2td1uXrS/Vy1asxU6cbrjKJcczUy6pB4Uba8YWkjyW0kzSZkeD3C75IaN4OMi+lXHqazqBVJT9TVXYMxUJbxrZpZSKZGe6iYLOCba2yRkvZKJaz3qGiGHrptnTG0LztO5LsO4Li09uOoVJ9VamzVrdaegZkNMOuLQl1pp2QpGwgt+4iPmAHdJGRhkhxy5cNIpdzzKXoVfVVuGmIk227byU3DKqEV64Xn5PVEVchTizUw5T0ctJQZrJpJcqSScNJHidq6iVX6lcI9R7hrx1mqRbahwUddTtOp7tHfW4ZSZU5STW0Tkhp5uS4lBOl9gZSvZcSagO8sljP/cGSHB9lXZQahUratzUjU2RTrLbu67KeSo92TUU91lqHDejxznuLbecYSpxxba1qIjPZJJ7JpI7gzfGty7FueVR6iue2zpC5N6rrVWlQ5bcYptXTEnNJQ0vbkritsLNSjbUZpQZq37gO4MkMdr2oVnWzW6bbddrbcSp1hSUU+MttZrlqNxLey1gj2zI1JNRFvSnslYSRqHNlP13uS0b7uu1X6lRawxUrkp1Oj01dbd9XmEyKPAy/HibCkqjoUpbqz2kERE8rOS360qt+6mVPT2t0KjXbX47sbTqz7nqNVKU6a2GUwTNTbTpnlL0uRsktRGSjbbeMzyaQBIAKihCoAAAACmcc4EZHzGRjSvDJu+67G4PVxXHZVwSqJWGZVLYYnRiQbrJPVCO0s0ktKk5NDii3kfONbUy5dQ9BtbruoV3at3VqJQKJpVMvbqarohtOE+xMNBpQbDKCLLbZkRqzvUYA60Ac2Wrwu7krvqzFqeglep9RhWfFvSnQW6zBkuVKHId5NokqJSUNb8qUbii2UpMzLuDzUDhyWpMosaq3NbkaicnfMeyKo/1ww5VPgrehqlJllNQfJOMkhGyrGDJWSPmAHTgDW2kWt1F1ite4rttumuOwaFXalRWFxpDckqiURRET7CkmSTS4RkaSz3S390amkcN9uhUy9uvXSSqUGu2hb6LmTRlVmFKekQjkIYUh1TKlFFkIU43tsubyJZGRmQA6iAc4UDheza/SLzcg6TyZdXs/1MUuPT7jp8qA8iapRJWqoEsmGSaJClukvskJ2TweSFnjcPiy27WolzVu0ZUNFSqVwUiSmPU48ttqZS4/K8mw62exK6oUptto0Y2lOJAHU4Dnio8LZ23YlzU+69LqlS7rt9duMsUA6iy65PcrKyaYS06ktnsHeVQs8GRG0oy7g/RzhZHA1n+pFXtNpdN6rcqjVNmLrUN2RIOFHW+pxyG2o3Y7LqWl8k4v2W7KSyAOgwHO7HDEo71r2xc/WPUEt3Np1VdQ22urG9phmC204qKo8YNaydIiWXYlg8kLRU+HbZ0V26WKdZtSqC7QsWPedQNuS2lHKOdTmcBKsGRuoTJbNSuYjPZxkAdPgNR6ZcIy2tU9WL20ut2mSFFZLENciqG4k2JLzprS400RFk+SW2pClcxqSoi9iNuAAAAAAAAAAAAAAAAAAAAAAAAAAAAAAAAAAAAAAAs159qFc8WyvNKF5FmvPtQrni2V5pQAWZ2oUPxbF80kXkWazO1Ch+LYvmki8gAAAAAAAA1te12ajov6FZGn8K21Kco7lVkPVhyQksJfS0SEEyR/ys7+ga7q+uOrNGqaaW+1ZL61K2Sdjx6ktk/sht5JaiTtJNZGklJyk1EZEZmWBsd/7oGN7znvl7Q5/vOx6PXLxo78dqhN0efPfjXPGqU95EqHAbk7LEdhK15b2EEtwko3E4raSRYTjHhCVRybb4k9XxEMJTowhSg7wTbau7tvym2nNQNaabTqVc9SjWJKosurQaa+UNc9ElHLy0RlESHkp2VoUs8pWRGRpMjLI3WWcbxpCrJYb0XoRNbSzK6qQlySa3FnMWmtMpVKNThmpXK7PKZMz9n0YG7y5hVTTjNxbvw49pjY2UK2FpV1BRk5TT0q2yULdL62VFM45xUY9fFsVO7aJ6k0i965ar/LId6vo5RjkbJZyj/CGnUbJ539jncWDIXiKPi9tR7E03gsVK/LspdBiSnTZZenyEsoWsk7RpIz3ZwRmLSeuej5PUOOrUi30uXIkl0pKpqCOWk3DbSpGT5lOEaEmeCUotksnuHg1vs+4bm0PuGzaAT9Xq8qmJism842hyS4SkZUo+xQSj2TM8YLOcEXMNO60aN3/XtQr6VBpF2Vej6gQ6XGZTSKxBhQW+QQbLrdQU+2t9tCCM3kLYSsz21ESSWRGYG9fq2aSnd/WCWolBO4urPU/wBTOrUdUdU7O1yOxz7eN+zz4H7UXV/S64plZp9Ev6hTX7fbceqaGpzZ9SNIMyccWecEhKkqSpedlJkZGZGWBqCHprqFVKYxMdtqTS3pmrT9zmw9JYN+JTjbcaS+vYWaNrOyvYSo1YUXdzjWdE4O+qdQsVFkTqBdDdStuyZtBZkVmvQDpL8hZxi6nhtx2uVXHkJjZUuQaOTI05StW0ZAb7tDhR6T3hfVQsuDd9C7B2AxSZCakhR1N2S0pewhGCNKkmkkkRn2RqLG8yI8xZ1e0wkXLUrPYvyhrrVIademwkzEG6wloiN3aLPOgjI1kW9OS2iLI5lcbvbUjUnVa3ado/U6NJueZZinZcuVA2qUiNsvKelE28o9pKWlG0TXKGaiSR7Gd2QR9NNS3aVQdOFadvsKs+uXBWXbkVLjdT1NqUxUUspYInOW5WQqcgnicQgk7DmVK7DIHSVPu22arLhQabXYUmRUaeVWiNtPEpT8MzSRPoIudszWgtot3ZF0i7jnzRDR6+bCvS06tcNYrlVixNOWaNJOpSIi00+cl6Mo4rRMNoM04bX2R7fsC7Lp6DAAAAAAAAAAAAAAAAAAAAAAAGC64UypVrSa7KVR4D86dKpMhpiMwnacdWadyUl3TPuDAtTr9k3/AKbXRYcbTDUiE9cNHl0xuS5bZrQyp5pSCWpJOkaiLazgjG9jIj5yFOTb/kJ+AWpU5OWqMrdn/OskaGNowoKhXpa0m2t2uKinw+ijRt86m1Gvab3BalN0j1IVMqNDlU5jboGyg3XI6m05PlNxbRl7g3JQGXY9Dp7DyDQ43FZQtJ86VEgiMj/SPdyaC5kJ+AVIsbiCEJRblJ3PMVjKVajGhRp6Em3xbu2kunzFQABdI8+VoQ4hTbiSUlRYNJlkjLoH5vQ4khC2n4rTiHUcmtK0EolI/kmR85b+YfsAA8x06AZsmcJg+pyImvsSfsZFzEndux4B9HChqlJmqitHIQg20umgttKT3mklc5F4B+4ADxnSKUats6bF2trazyKc56eYW63LIti1KNAoNGpLLcSmxuo4xOFyi0M5zsbasqMsnzZF9AAfCWWkmpSW0ka8EoyLeeObPSPxj02nxENoiwY7KWdrkybaSkkbXssYLdnu45x6QAHncp8B40qdhsLNKjUk1NpPBmeTMslzizXjZFIvdqkM1d2ShNGq0WssEwsk7T8dRqQleSPKDMzyW4z6SGQgAMTufTmlXVPtp6ZUahGp9tTUVBulRVNtxJb7eDjqeLY2jJlZEtCUqSnaIjUSsERZUtttxJJcQlREZGRKLO8uYx9AAPzTHYQSSSygtgzNOEkWyZ8+Ogfm1T4LCFtsw2EJccN1aUtkRKWZ5NRkRbzyXPzj0AAPhLTaFKWlCSUvBqMi3n7oomOwjY2GUJ5MjJGEkWyR8+OgfoAA87FPgRUpRGhMNJQpS0k22lJEpXsjLBbjPO8+6KPU2nyGTjvwY7jSkckaFtJUk0c+zgyxjcW4ekABjFZ08t2u3NQ7pnNOdUUFqYzHYTs8g4mShtC+UQaT2sJaRs7yxjujI1MMLNRqZQo1I2FZSR5T0H0lvPcP0AAfgUGGTxyCiMk6otk1k2W0ZdGefAqUSKSTQUZrZUkkmWwWDIuYvcIfsAAAAAAAAAMD1v0qia1ab1HTqdWX6WzUJEJ85TDSXFoOPKakERJVuPaNokn4DMYhq9wcX9TrluG66ZqDNt2dcVkLsZ42aezJS3Dclm+84knD3rWhSm/6JK2i3kMs1x1Xa0a0+k3imhu1qcuZDplNprbxMnLmy30MMNm4ZGTaTW4RqUZHhJGeD5hris8IfVu3afQrVrOh8ZnUe57hk0Kj0srhSdLlssRuqHagUzkuUSwlGUmlTJOGssERlvAHzfvA4t294VQpxXlUoDEuyKTZbKSjNO8k3T5iZTTyyVud2lJShbSi2VJyXdHjovAwpcV9uRcV9PVs13rTr2lsuUWIxGffiwFw+piZbIkIYUlSTJJEZp2CLKsmY8UThf3jdiKJaen2jrc/UKS5XW6zQqhXExo9MVSXUMyUlJS0vljccdbS1hCSMlZVs4MXSr8IfW+FqfaOnbOgNNjqvKAqpQzqF1pakR2WEMKmpfbbYWhLjSnzSkkrUS9nJGnO4DY2mGitK0vtm6rXo9ZlpjXNXapW0qjNoirgdWqzyTGxuSTeOwVjuFuGoneA83WqVeiL11erFfrd2W61azdYcpMRh6PBRIQ+anSaIilSFrbRtvOHlRJIsEPzZ4aVSj6i1yxqxY1AI4lJuCqQUU26mqhLaOloNfJT22WzbjLeQW0lKXHFJ5lFkWW3uHtOq1sXLXl2Fbk5dDsFV8kih3V1clnC0JKBMM46DjSD2zMiIl+wV0AC7zeArHqcOuP1DVF46vVZlFmMrj23Bj0xpdNdccZ5WnIImZO0bqiWbh5MiSW7A9ZcBS1Z8CPS7pvaoVuM3WLhrTxO0+Oybr1WhpjrxyZElo2Vp5ZpSElsqJJbtkjH41XhxQG3tWVUCx/VKDphbbNaTMOebbVUfNam32Wz5M8IbcQtvlC2sqQssbt+faJa4XtqHfV16f39p3T7Xqds06lVMuoa2dRbfanE8aOyNlvZMiZ3lg+cAaye0Luq5eE9ppPrtJr8+maXW6hqsXZUORYj3LNaSRwNhpC1KW4046+4tSkpIlZxzkZ3u3eBTDty+2Luj6mVB6JArtarcSCukRSWa6ow+1IKRJIuVkKTy/2NSj7FKSTg+cumcd0VAHHMTgT6gW/ULNojGsk24LapdsVmxn0S6VDjLp1HmQVII2uTTl9fLojn2R5wk9+MkeTI4CVnQrMds2jXjVITMiwn7JekdTNOPOuPzUS3qgsz9k8pxGNk+xIjIs4SRDqAABqTSTg6Wxo7dD9etioyOpnLZpdtIhONpwSYbsh05CnC7Jbrq5K1LM+7v7o22AAAAAAAAAAAAAAAAAAAAAAAAAAAAAAAAAAAAAAAAs159qFc8WyvNKF5FmvPtQrni2V5pQAWZ2oUPxbF80kXkWazO1Ch+LYvmki8gAAAAAAAAw68dKLPvmrRq5W0VVudEjLiNv0+ryoKuRUslmhXIOI2i2kke/PMLQWgdkEWCq16kRdwrzq30gbIAWnQpSd3FX8xIUs2x9CCpU60lFcEpNJek1wzoDp83NiTnnLmlrhSmZrSJlz1GS1yzSyW2pTbjxpVhSSPBkZbhscAFUKcKfiKxZxONxOMs8RUc7cLtu31gAAVmKBQVAAUAVAAeVimU2LMk1GNT4zUubsdUvoaSlx7YLCNtRFlWyRmRZ5iPcPSKgAAAAAAAAAAAAAAAAAAAAAAAAAAAAAAAAAAAAAAAAAAAAAAAAAAAAAAAAAAAAAAAAAAAAAAAAAAAAAAAAAAAAADDtWtLbd1jsadYdzOzI8aWtiQ1LhO8lJiSWXUusvtLMjJK0OISoskZbsGRkY1o7wRqNIoEcpWql9PXjDuBdzRrwcmsnUWJq45R1JQ2bfU6WDZIkGyTeyfOe/eN+AAOepPAwsxihUGLat/3nbtwURVUU7c0GYyqpVH1SUS5/VKnG1IWbq0pURkktg0p2MYGX0PR/TyBdWn9aotyzHZWnVEm0KmR11FMlT7EhDKXFvqXlxxwiYSe1tFvNWc7sbWGnLKmuWpbluVWXZ1ENma2UZiZEV/hnKKbWpJrI2yztbBkrZUZlnO8sgDE6BwIrLoDsRpvUK8JVOpUGvUulU592LyEGHVkKKShGyySlq2l7ROOKUvKUkZmksGZ4EloOUaVR67qTeVYSqzHrDp7khUJo6dS3TbNRNkzHQTjn2FGFO7eMH3TyMziX1e0ekeqstLhpn0tMttctiOhqO8txpKVNE24a3GSJ7J7ZZLZLKi2sFfpb90MVyn2wi9UuqkynScfREY6obbKNtkhadnYLKiMyMkkezu34yANbV3gT6c1O3ptq0a47hoFLqNsUu0JTFPXH+yU2G+68aDU40oyW8p9fKLLsj5ywZnnaFs6T0C1dRrk1Jp0yaqdc1OplMkR3FJNhpqCTpNGjCdrJk8rayZ8xYwLDFuW7qrTohouJUV1uhTKg64iIyrlnWnthOSUkyIsc5FgfMu97jJyNOi1GS62y5S2JLbUFooqVPkzyiXXVntm4fLZIm9ycpIyPeANrgNaS6zdlGauCW5cL9QKk1KFCZY6jYSpxLqoylcxFlWHVpLeRby7u8fqV9XAdc2E0iepr1aOH6n8iyUjkvU/lcZNez/AAnZZ2ubd4ABsYBq6pai1abJdRQDkclLkQIrKUx2zkR1L6p5ciSsyQa8sbBbRmkj3lnmPIqFXa65adWmVUlJmU5UpDa3Ca5RaUI2kKcQ2pSEr34NPgzgs4AGXjy1NifJhOM0ycmHJVjYeUyTpJ3lnsTMs5LJc41lStQrifXbMaZMjpcbJ1NddNkiSpXIuraMi/iEaWjcPHcwQ83X3dsSPIcVNmSCdpKKgyuTAZZ2ldUtIM2GyPa5NSXDwTvZZxv58AZz6i3137xfI6fnA9Rb6794vkdPzgxR27rsqDsOLAfmbc1iZUFdRRI7jsckPE0iOonjSWGzM+UPeo1biNJbx6qfWLum1SI9Jrpx2pFDVVnIbbDDjaXEmlJtpcIjM0ZMzztGfhAGQ+ot9d+8XyOn5wPUW+u/eL5HT84Mfh6hVCXS7djvRJcKpTlU1x05DLexJZdWhLq29hSiIsqLceDLaLcLrdN1VWiXCmFEgS5rDlHkyuTjNIUpDqHEElZmpSexIlGWCzz8wA9fqLfXfvF8jp+cD1Fvrv3i+R0/ODC5V9XMUSNU4tRkPnGYpZym2YDRRUrfJo3EvOLMlbSidI0pa9iRpyR5G2j5j3ZAGM+ot9d+8XyOn50eGuHdFuUqTW6xf8ViHERtvOeohK2U5Is4S4ZnvMuYhram3LcXqXRtQDvKe/VancZU5+im6k4xMqfNs2Us4ylSUkStrnH3NfuXrLv+8FXjWjeps+oU+DHKSZNMoS+jCiLnNRbyI87i3EANpNUq+Hm0ut3xENK0kpJ+oyeY+b/hR4Wnrlerj9tt6gRDqMeOiU4z6iexaWo0pVtcpjeZHuzka/uuuVaROvaW9fNRozts0yMdLjMySbQ8bkfaUtST/hDUs9kj5yPGN+B+daum5GINedZrs5C2LEp85syeMjTIUo9p0j/lH3TAG1PUa+u/aJ5HT86PJVkXXQqZKrFUvyIzEhNKffc9RSVsISWTPBOZPd0DCCqtVs+vTUVK9Kw9ClWeusSHnzJ9UeQSyTyjKMElPPuRzc2RjTtRr7VPvKiTqhWnIT1nLqCGarPblO7ZngnewyTW0k87GTwANxRIF5zorM2LfMRbMhtLravUYi2kqLJHvd6DH6+o19d+0TyOn50YpPuy6IFrepMK0Z6YSLc5VNbbkoShlZQzURkn2WSURFku6ZGMVpca559Ut+myL/uLkq9a6qrNNMoiUTyCTsk2ePsZdkWcbzxvPeYA2r6jX337RPI6fnRb1vXKivN20rUCIVRdiqmIZ9ROdklbJqzymOc8Yzka1Vc9cuG07ZaVX7hcqx0F+pPogy24aDShZoKQ+8reeNn2BEed5mLNW7qu8027cUFyQ7Pk2XtT5rSS5aPH6oLln0lzGsiLd4Tz3ABvP1Gvvv2h+Rk/Ojzcjdfqj6kfVBppzeR6o5AqSnbJra2dsy5XcWd2Rri76zX5dwOUW365W/U+l26zUIUmPVGmDcWvJ9VSHHlFyqCwWS5t57hcrXakytXWK5W6w8zKctSJOkttykHHUszNK0kZblNFg3CIjxtHnOABlynrmTXk2yd/Q/VJcQ5pM+onOyS9g1Z5XHst2M5Fw9Rr779YfkYvnRg91xoVw6vQGWrsk0uPJtdxxEqBJS2p5JPmrCXN/Y/xjxzknoyLBTtRLkoNAtm+63V5UmDMp9Rp0glmZtuyGTWqM9s822skbJn3QBvKlR6lGhk1Vqg3NkEozN1EfkSMs7i2dpXN7o8V59qFc8WyvNKHn0/h1aFZlIZr06RMqKoyXZTr6zUs3F9mZGZ9G1sl4CHovPtQrni2V5pQApZhl1oUPeX+TYvmki85LpIcU0G+b1boVMQ3eFbSlMJgiIqg8REXJp/pD3dfl8d+dd8ovekAOyMl0kGS6SHG/X5fHfnXfKL3pB1+Xx3513yi96QA7IyXSQZLpIcb9fl8d+dd8ovekHX5fHfnXfKL3pADsjJdJBkukhxv1+Xx3513yi96Qdfl8d+dd8ovekAOyMl0kGS6SHG/X5fHfnXfKL3pB1+Xx3513yi96QA7IyXSQZLpIcb9fl8d+dd8ovekHX5fHfnXfKL3pADsjJdJBkukhxv1+Xx3513yi96Qdfl8d+dd8ovekAOyMl0kGS6SHG/X5fHfnXfKL3pB1+Xx3513yi96QA7IyXSQZLpIcb9fl8d+dd8ovekHX5fHfnXfKL3pADsjJdJBkukhxv1+Xx3513yi96Qdfl8d+dd8ovekAOyMl0kGS6SHG/X5fHfnXfKL3pB1+Xx3513yi96QA7IyXSQZLpIcb9fl8d+dd8ovekHX5fHfnXfKL3pADsjJdJBkukhxv1+Xx3513yi96Qdfl8d+dd8ovekAOyMl0kGS6SHG/X5fHfnXfKL3pB1+Xx3513yi96QA7IyXSQZLpIcb9fl8d+dd8ovekHX5fHfnXfKL3pADsjJdJBkukhxv1+Xx3513yi96Qdfl8d+dd8ovekAOyMl0kGS6SHG/X5fHfnXfKL3pB1+Xx3513yi96QA7IyXSQZLpIcb9fl8d+dd8ovekHX5fHfnXfKL3pADsjJdJBkukhxv1+Xx3513yi96Qdfl8d+dd8ovekAOyMl0kGS6SHG/X5fHfnXfKL3pB1+Xx3513yi96QA7IyXSQZLpIcb9fl8d+dd8ovekHX5fHfnXfKL3pADsjJdJBkukhxv1+Xx3513yi96Qdfl8d+dd8ovekAOyMl0kGS6SHG/X5fHfnXfKL3pB1+Xx3513yi96QA7IyXSQZLpIcb9fl8d+dd8ovekHX5fHfnXfKL3pADsjJdJBkukhxv1+Xx3513yi96Qdfl8d+dd8ovekAOyMl0kGS6SHG/X5fHfnXfKL3pB1+Xx3513yi96QA7IyXSQZLpIcb9fl8d+dd8ovekHX5fHfnXfKL3pADsjJdJBkukhxv1+Xx3513yi96Qdfl8d+dd8ovekAOyMl0kGS6SHG/X5fHfnXfKL3pB1+Xx3513yi96QA7IyXSQZLpIcb9fl8d+dd8ovekHX5fHfnXfKL3pADsjJdJBkukhxv1+Xx3513yi96Qdfl8d+dd8ovekAOyMl0kGS6SHG/X5fHfnXfKL3pB1+Xx3513yi96QA7IyXSQZLpIcb9fl8d+dd8ovekHX5fHfnXfKL3pADsjJdJCwUqw7NokxuoUugQ48hnPJOJTk287j2cmezkjMtw5W6/L478675Re9IOvy+O/Ou+UXvSAHVsOyrSp5y+pKFDQU5tTL6djaSptRmZoweSJBmZmaSwWe4P0plqW3R+ROnUthlUdxbzasmpRLUnYUraMzMzNJEnf3CIhyd1+Xx3513yi96Qdfl8d+dd8ovekAOsYlqW3BW8uLSYzZyI/UjhkXOzkz2PAnKlHgufI87tiWe/JTLeoUVTqUtJIzI8FyZETZ4zjaSSUkSsZIiIsjlbr8vjvzrvlF70g6/L478675Re9IAddO0SjvlJJ6Cyspb7cl/JfwjrexsKPwlyaMfkkPLUrStqrm4dQpTDynXykrUeSM3Sb5PayRkedgtn3Byf1+Xx3513yi96Qdfl8d+dd8ovekAOrjs61ThOU71EhlGdbaaU2lGC2WjM28Y5jSajMjLeRnkeuDQqNTaWqjQYDLMJRLSplJblbedoz7pmeTyZ7zyORuvy+O/Ou+UXvSDr8vjvzrvlF70gB1m3a9uMucq3SIqV7aHM7BZNSGTZSZ9OGzNHuHgeOJYNmQm1tRqBESlbfIqyRmZt7SVEjJmZ7JKQkyTzFjdgcsdfl8d+dd8ovekHX5fHfnXfKL3pADq2oWXalUQpE+jRnSW+uSfOkzcWREs8kZH2RERKLmPG8jHuTR6Sh1DyILCVNxeokbKSLZY3fYyItxJ3Fu8A5E6/L478675Re9IOvy+O/Ou+UXvSAHVVPsa0KVg6fQojJpW0sjJJmZG0eW8GZmZEk95FzC6PU2nSJRzXoza3zYXF5Qy38koyNSPcMyL4ByD1+Xx3513yi96Qdfl8d+dd8ovekAOqHrCs2Q6l56gRFKQ000RGR7Oy2RE32OcGaSIiJWMkRbjGQZT0kON+vy+O/Ou+UXvSDr8vjvzrvlF70gB1SzYdmR7gVdLFuQEVVSjUcomi29o+dXRtH04yP3VaVsrpc6iqo8U4NSdW/LY2ewecWZGpSi7pmZEZjk/r8vjvzrvlF70g6/L478675Re9IAb3v3S6vXRV5Minv22cWVDKE05Op5qlQEmnZWbLicbWSMzLa5jPcMwasS1ignCl0qNKNynM0p9x1OVPx2y7FCuks78eEcsdfl8d+dd8ovekHX5fHfnXfKL3pADrORa9uS3zkyqTFdcOEdNNS0ZzFM8m1+TnuC3QdNbCprD0aDa8BluRGXDeJKP4RlZkakKPOVEZkXP0EOXevy+O/Ou+UXvSDr8vjvzrvlF70gB185TKc7TFUdyK0cJTHUymMdibWzs7HuY3DyM2xbsd+JJYpUZDsGIcCMsk72o54y2X9HcW7wDkzr8vjvzrvlF70g6/L478675Re9IAdRv6b2HKZp8eRa9PcbpSTRDQpvJNJM8mki7qc78Hksj1w7NtWAbJw6JEa6nhrgNYR7GMpW0pos/xTPfgco9fl8d+dd8ovekHX5fHfnXfKL3pADqKbprYNRiQYM616e8xTUclFQpvc0jOdgt/sc/xT3eAeydZtqVKpRqxNokR2ZEjqisOmjBoZUk0mgsbsYUoseExyj1+Xx3513yi96Qdfl8d+dd8ovekAOopum1hVGMxDm2vT3mY0VENhKm/4JlKtpKEnzkRH0C1Xnp/Lub1Et2GulQrXp77MiRHSyrllG0ZmltvHYpQZbj7o5y6/L478675Re9IOvy+O/Ou+UXvSAHZGS6SFmvMy60K5vL/JsrzShyh1+Xx3513yi96Q8Nevm9XKFUm3LwrakqhPkZKqDxkZcmr+kAP/2Q==',
        'd1c292b5-e0dc-4a46-a2b4-a238461822c7')
ON CONFLICT DO NOTHING;

INSERT INTO public.classroom (id, created_when, updated_when, assignment_type, capacity, classroom_status, end_point_y,
                              number, end_point_x, x, y, classroom_specialization_id, classroom_type_id, deanery_id,
                              department_id, wing_id)
VALUES ('3d509481-b464-4f4e-8aa6-11eaa8b9c35a', '2022-07-28 22:02:04.354945', '2022-07-28 22:02:04.354945', 'OTHER', 60,
        'WORKING', 105, '101', 131, 100, 100, 'c685573d-016b-4b53-af2f-84d04e0cd996',
        '6ab3c6f6-4331-45e0-986d-0ddf3479851a', null, null, 'd1aa498a-65ea-4060-9a8e-cc9f075fe050'),
       ('d47067ec-6d46-4697-8dac-b0164eab4e83', '2022-07-28 22:02:04.355945', '2022-07-28 22:02:04.355945', 'OTHER', 40,
        'WORKING', 141, '102', 115, 230, 210, 'c685573d-016b-4b53-af2f-84d04e0cd996',
        '5ab3c6f6-4331-45e0-986d-0ddf3479851a', null, null, 'd1aa498a-65ea-4060-9a8e-cc9f075fe050'),
       ('00cfcfc6-1e36-4c98-9007-af72a9117f0f', '2022-07-28 22:02:04.355945', '2022-07-28 22:02:04.355945', 'OTHER', 60,
        'WORKING', 139, '103', 145, 438, 73, 'c685573d-016b-4b53-af2f-84d04e0cd996',
        '4ab3c6f6-4331-45e0-986d-0ddf3479851a', null, null, 'd1aa498a-65ea-4060-9a8e-cc9f075fe050')
ON CONFLICT DO NOTHING;

-- INSERT INTO public.flow_groups (flow_id, group_id)
-- VALUES ('12fe1182-1704-4e72-a812-df69e6cdf404', 'a499da89-1c61-473a-bb5a-5066324f43fa'),
--        ('12fe1182-1704-4e72-a812-df69e6cdf404', '11b66d59-19ea-4878-a6e2-0c29975462da'),
--        ('12fe1182-1704-4e72-a812-df69e6cdf404', 'd492e863-8654-420c-ae94-02f45bf09fa3')
-- ON CONFLICT DO NOTHING;

INSERT INTO public.study_plan (id, created_when, updated_when, development_year, education_form, register_number,
                               standard_plan, status, status_change_date, qualification_id, speciality_id)
VALUES ('4b12f4a4-f0a3-422f-985f-c4db01f3cc93', '2022-07-28 22:10:10.288630', '2022-07-28 22:12:37.597351', 2022,
        'FULLTIME', null, true, 'SUBMITTED', '2022-07-28 22:12:37.597351', '4a6a0b5d-7995-4f2d-8f87-3a8c528caa2b',
        '2135088e-20b1-42c5-9b26-4dad97fb3c0c')
     , ('710f3971-4f77-428a-9e4f-e5bfb08b947c', '2022-07-28 22:12:59.759028', '2022-07-28 22:13:10.404957', 2022,
        'FULLTIME', null, true, 'SUBMITTED', '2022-07-28 22:13:10.404957', '4a6a0b5d-7995-4f2d-8f87-3a8c528caa2b',
        'ac7a9936-0edd-4bce-a28c-84663d5572db')
     , ('017f4b13-89df-4fcd-aaf7-e68afcca0f25', '2022-07-28 22:19:06.661348', '2022-07-28 22:19:53.717758', 2022,
        'FULLTIME', '34-508A', false, 'SUBMITTED', '2022-07-28 22:19:53.716759', '4a6a0b5d-7995-4f2d-8f87-3a8c528caa2b',
        '2135088e-20b1-42c5-9b26-4dad97fb3c0c')
     , ('cc43547e-c981-42a7-b591-57928012e568', '2022-07-28 22:23:45.198726', '2022-07-28 22:27:21.192566', 2022,
        'FULLTIME', '36-608B', false, 'SUBMITTED', '2022-07-28 22:27:21.191568', '4a6a0b5d-7995-4f2d-8f87-3a8c528caa2b',
        'ac7a9936-0edd-4bce-a28c-84663d5572db')
ON CONFLICT DO NOTHING;

INSERT INTO public.cycle (id, created_when, updated_when, classroom_hours, credit_units, cycle_type, name, position,
                          total_hours, study_plan_id)
VALUES ('c1c53d66-433f-405e-a785-c9d843d37891', null, '2022-07-28 22:12:30.176232', 200, 20, 'STANDARD', 'Гос цикл 1',
        1, 200, '4b12f4a4-f0a3-422f-985f-c4db01f3cc93'),
       ('29d6d278-7e77-45f2-83f5-e3d91ef09d01', '2022-07-28 22:12:59.760031', '2022-07-28 22:12:59.760031', 200, 20,
        'STANDARD', 'Гос цикл 1', 1, 200, '710f3971-4f77-428a-9e4f-e5bfb08b947c'),
       ('e5622600-fb5e-467e-b5a6-30532c60e037', '2022-07-28 22:19:06.662345', '2022-07-28 22:19:06.662345', 200, 20,
        'STANDARD', 'Гос цикл 1', 1, 200, '017f4b13-89df-4fcd-aaf7-e68afcca0f25'),
       ('d7bfd135-67ec-4a81-878f-b103df9fdc54', '2022-07-28 22:23:45.198726', '2022-07-28 22:23:45.198726', 200, 20,
        'STANDARD', 'Гос цикл 1', 1, 200, 'cc43547e-c981-42a7-b591-57928012e568')
ON CONFLICT DO NOTHING;

INSERT INTO public.component (id, created_when, updated_when, classroom_hours, component_type, credit_units,
                              description, name, position, total_hours, cycle_id)
VALUES ('56614535-9168-47b0-9da9-2459b0fb3750', null, '2022-07-28 22:12:30.177255', 100, 'STANDARD', 10, null,
        'Гос компонента 1', 1, 100, 'c1c53d66-433f-405e-a785-c9d843d37891'),
       ('55785050-c372-4853-a4a0-97abc53c7b55', null, '2022-07-28 22:12:30.179224', 100, 'BASIC', 10, null,
        'УВО компонента 1', 2, 100, 'c1c53d66-433f-405e-a785-c9d843d37891'),
       ('4cf46fdc-f70d-4d4f-88ba-cc102a4654f7', '2022-07-28 22:12:59.760031', '2022-07-28 22:12:59.760031', 100,
        'STANDARD', 10, null, 'Гос компонента 1', 1, 100, '29d6d278-7e77-45f2-83f5-e3d91ef09d01'),
       ('491783b7-dd04-4b6c-8063-1e3223b23be8', '2022-07-28 22:12:59.762027', '2022-07-28 22:12:59.762027', 100,
        'BASIC', 10, null, 'УВО компонента 1', 2, 100, '29d6d278-7e77-45f2-83f5-e3d91ef09d01'),
       ('255fa91d-03f4-40ce-b6a1-42ebbb3aadc3', '2022-07-28 22:19:06.662345', '2022-07-28 22:19:06.662345', 100,
        'STANDARD', 10, null, 'Гос компонента 1', 1, 100, 'e5622600-fb5e-467e-b5a6-30532c60e037'),
       ('8a34156a-8c01-4f10-ac2b-5a566ce979bc', '2022-07-28 22:19:06.673343', '2022-07-28 22:19:06.673343', 100,
        'BASIC', 10, null, 'УВО компонента 1', 2, 100, 'e5622600-fb5e-467e-b5a6-30532c60e037'),
       ('1a5bcb51-2304-4a59-944f-8e510510fa3c', '2022-07-28 22:23:45.199729', '2022-07-28 22:23:45.199729', 100,
        'STANDARD', 10, null, 'Гос компонента 1', 1, 100, 'd7bfd135-67ec-4a81-878f-b103df9fdc54'),
       ('b376daa3-334d-4740-a242-4aacba60371b', '2022-07-28 22:23:45.200724', '2022-07-28 22:23:45.200724', 100,
        'BASIC', 10, null, 'УВО компонента 1', 2, 100, 'd7bfd135-67ec-4a81-878f-b103df9fdc54')
ON CONFLICT DO NOTHING;


INSERT INTO public.discipline (id, created_when, updated_when, classroom_hours, course_work_semester_num, credit_units,
                               description, discipline_type, is_template, name, position, total_hours, university,
                               component_id, cycle_id, discipline_group_id)
VALUES ('355d8f55-8c94-43bd-8c19-4e8270efb759', '2022-07-28 22:06:28.493294', '2022-07-28 22:06:28.493294', 76, null, 4,
        '-', 'STANDARD', true, 'Интегрированный модуль "Философия"', null, 152, 'БНТУ', null, null,
        '6089e02e-0026-4a13-9d54-0d3dd4274dbe'),
       ('f65e23d9-8d39-45b3-a1e6-b44d05241a15', '2022-07-28 22:06:28.493294', '2022-07-28 22:06:28.493294', 84, null, 4,
        '-', 'STANDARD', true, 'Интегрированный модуль "Экономика"', null, 140, 'БНТУ', null, null,
        '649af1d5-d304-4036-bbaa-38fd39990f7f'),
       ('a73dffa4-3d40-42e0-a904-e55277fca28e', '2022-07-28 22:06:28.493294', '2022-07-28 22:06:28.493294', 76, null, 4,
        '-к', 'STANDARD', true, 'Интегрированный модуль "Политология"', null, 152, 'БНТУ', null, null,
        '6db68cb4-6957-4538-ad33-92f80a964053'),
       ('e3579712-b027-497a-ae78-b01a3c62d3c7', '2022-07-28 22:06:28.493294', '2022-07-28 22:06:28.493294', 76, null, 4,
        '-', 'STANDARD', true, 'Интегрированный модуль "История"', null, 152, 'БНТУ', null, null,
        '26da3d4b-f9f8-483f-ad66-294509f041ad'),
       ('ccf2eca7-ae81-4d91-830a-14d5b92170a2', '2022-07-28 22:06:28.493294', '2022-07-28 22:06:28.493294', 76, null, 4,
        '-', 'STANDARD', true, 'Математика', null, 152, 'БНТУ', null, null, '26da3d4b-f9f8-483f-ad66-294509f041ad'),
       ('8919a5c9-dcd7-405a-92ce-5f5c78121485', '2022-07-28 22:06:28.493294', '2022-07-28 22:06:28.493294', 76, null, 4,
        '-', 'STANDARD', true, 'Физика', null, 152, 'БНТУ', null, null, '5d54bd67-1222-4ddb-b3ce-1c2cbbab4ff8'),
       ('037bfede-3685-4ed9-be57-1bd9d72fa5b8', '2022-07-28 22:06:28.493294', '2022-07-28 22:06:28.493294', 76, null, 4,
        '-', 'STANDARD', true, 'Алгоритмы вычислений', null, 152, 'БНТУ', null, null,
        'd812a820-8407-4fb8-a97a-0a72f67130a3'),
       ('d2af2cb1-e4f7-4f21-bd71-78673e2063ee', '2022-07-28 22:06:28.493294', '2022-07-28 22:06:28.493294', 76, null, 4,
        '-', 'STANDARD', true, 'Компьютерная графика', null, 152, 'БНТУ', null, null,
        '26da3d4b-f9f8-483f-ad66-294509f041ad'),
       ('0cfd3091-1f61-4f98-b3c9-c513ece73aa9', '2022-07-28 22:06:28.493294', '2022-07-28 22:06:28.493294', 76, null, 4,
        '-', 'STANDARD', true, 'Базы данных', null, 152, 'БНТУ', null, null, 'd812a820-8407-4fb8-a97a-0a72f67130a3'),
       ('ec3b2382-2f0f-4358-91e5-d85cf877404c', '2022-07-28 22:06:28.493294', '2022-07-28 22:06:28.493294', 76, null, 4,
        '-', 'STANDARD', true, 'Методы и алгоритмы принятия решений', null, 152, 'БНТУ', null, null,
        'd812a820-8407-4fb8-a97a-0a72f67130a3'),
       ('390577b6-3612-4cb8-872f-078f3c9ab9d3', '2022-07-28 22:06:28.493294', '2022-07-28 22:06:28.493294', 76, null, 4,
        '-', 'FACULTATIVE', true, 'Французский язык', null, 152, 'БНТУ', null, null,
        'e682f980-78b0-49db-a83a-2414be8b5676'),
       ('272b77a0-9eeb-40be-b783-a9a303c78152', '2022-07-28 22:06:28.493294', '2022-07-28 22:06:28.493294', 76, null, 4,
        '-', 'FACULTATIVE', true, 'Английский язык', null, 152, 'БНТУ', null, null,
        'e682f980-78b0-49db-a83a-2414be8b5676'),
       ('a24fdede-ad8c-47b8-8802-71e6ff272c4f', '2022-07-28 22:06:28.493294', '2022-07-28 22:06:28.493294', 76, null, 4,
        '-', 'EXTRA', true, 'Физкультура', null, 152, 'БНТУ', null, null, 'fdefce98-e6ba-4617-aa6d-90df262e994e'),
       ('b52cc556-2d57-4b9c-99ee-414be56ab102', '2022-07-28 22:06:28.493294', '2022-07-28 22:06:28.493294', 76, null, 4,
        '-', 'BASIC', true, 'Python', null, 152, 'БНТУ', null, null, '4a6a0b5d-7995-4f2d-8f87-3a8c548caaab'),
       ('794f9f1f-9cc5-4529-98e8-9bea45e9fc53', '2022-07-28 22:06:28.493294', '2022-07-28 22:06:28.493294', 76, null, 4,
        '-', 'BASIC', true, 'Java', null, 152, 'БНТУ', null, null, '4a6a0b5d-7995-4f2d-8f87-3a8c548caaab'),
       ('46620bac-4e35-4968-95e1-27a4f6a0daa8', null, '2022-07-28 22:12:30.177255', 33, null, 3, null, 'STANDARD',
        false, 'Математика', 1, 33, 'БНТУ', '56614535-9168-47b0-9da9-2459b0fb3750', null,
        '26da3d4b-f9f8-483f-ad66-294509f041ad'),
       ('81abeaf7-b1e6-4af9-af64-6ad7831c21c8', null, '2022-07-28 22:12:30.178259', 33, null, 3, null, 'STANDARD',
        false, 'Физика', 2, 33, 'БНТУ', '56614535-9168-47b0-9da9-2459b0fb3750', null,
        '5d54bd67-1222-4ddb-b3ce-1c2cbbab4ff8'),
       ('6146258e-5038-43b6-9d82-3708ccd95015', null, '2022-07-28 22:12:30.178259', 34, null, 4, null, 'STANDARD',
        false, 'Алгоритмы вычислений', 3, 34, 'БНТУ', '56614535-9168-47b0-9da9-2459b0fb3750', null,
        'd812a820-8407-4fb8-a97a-0a72f67130a3'),
       ('3cb4d44d-638a-4b1a-b20c-6af25af576d2', '2022-07-28 22:12:59.761033', '2022-07-28 22:12:59.761033', 33, null, 3,
        null, 'STANDARD', null, 'Математика', 1, 33, 'БНТУ', '4cf46fdc-f70d-4d4f-88ba-cc102a4654f7', null,
        '26da3d4b-f9f8-483f-ad66-294509f041ad'),
       ('ca8babf6-2072-41cc-b21d-afe6a696f0c2', '2022-07-28 22:12:59.761033', '2022-07-28 22:12:59.761033', 33, null, 3,
        null, 'STANDARD', null, 'Физика', 2, 33, 'БНТУ', '4cf46fdc-f70d-4d4f-88ba-cc102a4654f7', null,
        '5d54bd67-1222-4ddb-b3ce-1c2cbbab4ff8'),
       ('edba6296-9511-40fc-8e79-897582beab88', '2022-07-28 22:12:59.761033', '2022-07-28 22:12:59.761033', 34, null, 4,
        null, 'STANDARD', null, 'Алгоритмы вычислений', 3, 34, 'БНТУ', '4cf46fdc-f70d-4d4f-88ba-cc102a4654f7', null,
        'd812a820-8407-4fb8-a97a-0a72f67130a3'),
       ('9b97eb09-5468-49fd-af8b-31be0969eec3', '2022-07-28 22:19:06.663342', '2022-07-28 22:19:06.663342', 33, null, 3,
        null, 'STANDARD', null, 'Математика', 1, 33, 'БНТУ', '255fa91d-03f4-40ce-b6a1-42ebbb3aadc3', null,
        '26da3d4b-f9f8-483f-ad66-294509f041ad'),
       ('19898633-bb53-418c-b493-71fef257b15b', '2022-07-28 22:19:06.672318', '2022-07-28 22:19:06.672318', 33, null, 3,
        null, 'STANDARD', null, 'Физика', 2, 33, 'БНТУ', '255fa91d-03f4-40ce-b6a1-42ebbb3aadc3', null,
        '5d54bd67-1222-4ddb-b3ce-1c2cbbab4ff8'),
       ('fa352ce9-4e2a-4473-afb0-7aac182fc321', '2022-07-28 22:19:06.673343', '2022-07-28 22:19:06.673343', 34, null, 4,
        null, 'STANDARD', null, 'Алгоритмы вычислений', 3, 34, 'БНТУ', '255fa91d-03f4-40ce-b6a1-42ebbb3aadc3', null,
        'd812a820-8407-4fb8-a97a-0a72f67130a3'),
       ('0f4bb1b7-68d0-4307-a2da-093285224579', '2022-07-28 22:19:06.673343', '2022-07-28 22:19:06.673343', 100, null,
        10, null, 'BASIC', false, 'Java', 4, 100, 'БНТУ', '8a34156a-8c01-4f10-ac2b-5a566ce979bc', null,
        '4a6a0b5d-7995-4f2d-8f87-3a8c548caaab'),
       ('da587446-aa89-4510-a22d-1b7c9609cde1', '2022-07-28 22:23:45.199729', '2022-07-28 22:23:45.199729', 33, null, 3,
        null, 'STANDARD', null, 'Математика', 1, 33, 'БНТУ', '1a5bcb51-2304-4a59-944f-8e510510fa3c', null,
        '26da3d4b-f9f8-483f-ad66-294509f041ad'),
       ('404bc840-a1c8-440d-8958-104da3e619e5', '2022-07-28 22:23:45.200724', '2022-07-28 22:23:45.200724', 33, null, 3,
        null, 'STANDARD', null, 'Физика', 2, 33, 'БНТУ', '1a5bcb51-2304-4a59-944f-8e510510fa3c', null,
        '5d54bd67-1222-4ddb-b3ce-1c2cbbab4ff8'),
       ('e4cafd58-f036-47c7-b85f-23fff605e4b9', '2022-07-28 22:23:45.200724', '2022-07-28 22:23:45.200724', 34, null, 4,
        null, 'STANDARD', null, 'Алгоритмы вычислений', 3, 34, 'БНТУ', '1a5bcb51-2304-4a59-944f-8e510510fa3c', null,
        'd812a820-8407-4fb8-a97a-0a72f67130a3'),
       ('572815fd-90ba-4d82-891c-0a1aa4fb3063', null, '2022-07-28 22:24:43.710151', 100, null, 10, null, 'BASIC', false,
        'Python', 4, 100, 'БНТУ', 'b376daa3-334d-4740-a242-4aacba60371b', null, '4a6a0b5d-7995-4f2d-8f87-3a8c548caaab')
ON CONFLICT DO NOTHING;


INSERT INTO public.semester (id, created_when, updated_when, semester_num, week_count, study_plan_id)
VALUES ('f05f867a-6a38-4ab2-b86a-6237b2a93725', null, '2022-07-28 22:12:30.179224', 1.00, 26.00,
        '4b12f4a4-f0a3-422f-985f-c4db01f3cc93'),
       ('0833fb30-dacb-41db-8f5b-cab43fccacc8', null, '2022-07-28 22:12:30.180221', 2.00, 26.00,
        '4b12f4a4-f0a3-422f-985f-c4db01f3cc93'),
       ('fdd7a4c6-cfa2-4ce4-8824-08123ec7bfbc', null, '2022-07-28 22:12:30.180221', 3.00, 26.00,
        '4b12f4a4-f0a3-422f-985f-c4db01f3cc93'),
       ('793a611d-092a-4ef6-858a-ada556bb6bbd', null, '2022-07-28 22:12:30.181223', 4.00, 26.00,
        '4b12f4a4-f0a3-422f-985f-c4db01f3cc93'),
       ('d6813e2b-ea0e-421a-811d-0e945c158819', '2022-07-28 22:12:59.763990', '2022-07-28 22:12:59.763990', 1.00, 26.00,
        '710f3971-4f77-428a-9e4f-e5bfb08b947c'),
       ('13a52f4a-166d-4739-8303-072cbff0cdb5', '2022-07-28 22:12:59.764988', '2022-07-28 22:12:59.764988', 2.00, 26.00,
        '710f3971-4f77-428a-9e4f-e5bfb08b947c'),
       ('06895e1c-4745-40e6-acc6-6bf61b03dce3', '2022-07-28 22:12:59.764988', '2022-07-28 22:12:59.764988', 3.00, 26.00,
        '710f3971-4f77-428a-9e4f-e5bfb08b947c'),
       ('cb31ec27-d71e-440b-a8cc-b71ce5cce225', '2022-07-28 22:12:59.764988', '2022-07-28 22:12:59.764988', 4.00, 26.00,
        '710f3971-4f77-428a-9e4f-e5bfb08b947c'),
       ('88120e5d-fe1d-445a-b167-036b37b2df6d', '2022-07-28 22:19:06.671323', '2022-07-28 22:19:31.813135', 1.00, 26.00,
        '017f4b13-89df-4fcd-aaf7-e68afcca0f25'),
       ('3b1b9429-2771-4cf7-b213-aa29bf468632', '2022-07-28 22:19:06.675310', '2022-07-28 22:19:31.814132', 2.00, 26.00,
        '017f4b13-89df-4fcd-aaf7-e68afcca0f25'),
       ('c0aa1bb8-6f41-4448-8e2b-fdd03b96bdc7', '2022-07-28 22:19:06.676308', '2022-07-28 22:19:31.814132', 3.00, 26.00,
        '017f4b13-89df-4fcd-aaf7-e68afcca0f25'),
       ('1eb951de-41ae-456a-973d-4c411913f7bc', '2022-07-28 22:19:06.676308', '2022-07-28 22:19:31.814132', 4.00, 26.00,
        '017f4b13-89df-4fcd-aaf7-e68afcca0f25'),
       ('7d3938b0-c337-416b-9880-2530c13b4f9a', '2022-07-28 22:23:45.203688', '2022-07-28 22:24:43.709180', 1.00, 26.00,
        'cc43547e-c981-42a7-b591-57928012e568'),
       ('cd471ded-5b0b-4261-8a6b-bb119d7a6853', '2022-07-28 22:23:45.203688', '2022-07-28 22:24:43.710151', 2.00, 26.00,
        'cc43547e-c981-42a7-b591-57928012e568'),
       ('98408584-bafc-46bf-82fa-df393db242b5', '2022-07-28 22:23:45.203688', '2022-07-28 22:24:43.710151', 3.00, 26.00,
        'cc43547e-c981-42a7-b591-57928012e568'),
       ('7d9a3886-fa68-4cd0-9574-2c4f66a033bb', '2022-07-28 22:23:45.203688', '2022-07-28 22:24:43.711149', 4.00, 26.00,
        'cc43547e-c981-42a7-b591-57928012e568')
ON CONFLICT DO NOTHING;


INSERT INTO public.schedule_total_activity (id, created_when, updated_when, total_week_count, activity_id,
                                            study_plan_id)
VALUES ('66b42a52-e960-4fd5-a1c8-52cea88b9c04', '2022-07-28 22:12:30.170264', '2022-07-28 22:12:30.170264', 34,
        '26da3d4b-f9f8-483f-ad66-294509f042ad', '4b12f4a4-f0a3-422f-985f-c4db01f3cc93'),
       ('d1bf9d68-60da-4325-aa13-25ace33ae106', '2022-07-28 22:12:30.171248', '2022-07-28 22:12:30.171248', 8,
        '4a6a0b5d-7995-4f2d-8f87-3a8c528caaab', '4b12f4a4-f0a3-422f-985f-c4db01f3cc93'),
       ('fd9ed56d-8626-416a-975b-d890fa56c309', '2022-07-28 22:12:30.172269', '2022-07-28 22:12:30.172269', 8,
        'd812a820-8407-4fb8-a97a-0a72f69330a3', '4b12f4a4-f0a3-422f-985f-c4db01f3cc93'),
       ('96fb22bc-4d65-4d55-9d24-4193a608412f', '2022-07-28 22:12:30.172269', '2022-07-28 22:12:30.172269', 8,
        '7ac14f73-cb86-455e-9c4e-7753d9dd8c92', '4b12f4a4-f0a3-422f-985f-c4db01f3cc93'),
       ('78ec7e2b-8130-4653-9ba8-ce8e04b77bc5', '2022-07-28 22:12:30.173274', '2022-07-28 22:12:30.173274', 8,
        '4e60d064-a3ce-4f0f-880c-edae7f0b95c0', '4b12f4a4-f0a3-422f-985f-c4db01f3cc93'),
       ('0d4fb155-9794-4b30-814d-01f29b2ceb8c', '2022-07-28 22:12:30.173274', '2022-07-28 22:12:30.173274', 8,
        'c89cb514-a101-4708-8750-c54178cee7f5', '4b12f4a4-f0a3-422f-985f-c4db01f3cc93'),
       ('1684eff3-8af6-4a21-9295-977075c808cf', '2022-07-28 22:12:59.762027', '2022-07-28 22:12:59.762027', 34,
        '26da3d4b-f9f8-483f-ad66-294509f042ad', '710f3971-4f77-428a-9e4f-e5bfb08b947c'),
       ('49978c24-990f-4ea6-9fdb-69eb920d2e64', '2022-07-28 22:12:59.762993', '2022-07-28 22:12:59.762993', 8,
        '4a6a0b5d-7995-4f2d-8f87-3a8c528caaab', '710f3971-4f77-428a-9e4f-e5bfb08b947c'),
       ('e99557bb-5bde-4671-9543-74018e94f683', '2022-07-28 22:12:59.762993', '2022-07-28 22:12:59.762993', 8,
        'd812a820-8407-4fb8-a97a-0a72f69330a3', '710f3971-4f77-428a-9e4f-e5bfb08b947c'),
       ('d18d5e62-34bf-4629-af37-48c8b89b2df3', '2022-07-28 22:12:59.762993', '2022-07-28 22:12:59.762993', 8,
        '7ac14f73-cb86-455e-9c4e-7753d9dd8c92', '710f3971-4f77-428a-9e4f-e5bfb08b947c'),
       ('e76dea72-8fbb-408a-97b0-34a5c29c8734', '2022-07-28 22:12:59.763990', '2022-07-28 22:12:59.763990', 8,
        '4e60d064-a3ce-4f0f-880c-edae7f0b95c0', '710f3971-4f77-428a-9e4f-e5bfb08b947c'),
       ('00cb01b7-3e7a-445c-aed0-87047fb7e45b', '2022-07-28 22:12:59.763990', '2022-07-28 22:12:59.763990', 8,
        'c89cb514-a101-4708-8750-c54178cee7f5', '710f3971-4f77-428a-9e4f-e5bfb08b947c'),
       ('9f0d3cf6-3db6-4198-bc89-ee832588a6a6', '2022-07-28 22:19:06.674312', '2022-07-28 22:19:06.674312', 34,
        '26da3d4b-f9f8-483f-ad66-294509f042ad', '017f4b13-89df-4fcd-aaf7-e68afcca0f25'),
       ('8b719990-e6b8-4f50-813d-f15a3f393f30', '2022-07-28 22:19:06.674312', '2022-07-28 22:19:06.674312', 8,
        '4a6a0b5d-7995-4f2d-8f87-3a8c528caaab', '017f4b13-89df-4fcd-aaf7-e68afcca0f25'),
       ('8f516b65-64bf-4d50-b855-4ae57c2a12e8', '2022-07-28 22:19:06.674312', '2022-07-28 22:19:06.674312', 8,
        'd812a820-8407-4fb8-a97a-0a72f69330a3', '017f4b13-89df-4fcd-aaf7-e68afcca0f25'),
       ('5bf2caa3-05b3-4f3f-a9e2-822d116bd0a3', '2022-07-28 22:19:06.675310', '2022-07-28 22:19:06.675310', 8,
        '7ac14f73-cb86-455e-9c4e-7753d9dd8c92', '017f4b13-89df-4fcd-aaf7-e68afcca0f25'),
       ('b99c4b31-831b-4fac-8942-d6e555f3bfe8', '2022-07-28 22:19:06.675310', '2022-07-28 22:19:06.675310', 8,
        '4e60d064-a3ce-4f0f-880c-edae7f0b95c0', '017f4b13-89df-4fcd-aaf7-e68afcca0f25'),
       ('3dd8d4f7-d9dd-4aaa-8520-cdc5aa40d7e0', '2022-07-28 22:19:06.675310', '2022-07-28 22:19:06.675310', 8,
        'c89cb514-a101-4708-8750-c54178cee7f5', '017f4b13-89df-4fcd-aaf7-e68afcca0f25'),
       ('ff7a1988-4e7f-4ae5-915d-28c0a3e10a30', '2022-07-28 22:23:45.201693', '2022-07-28 22:23:45.201693', 34,
        '26da3d4b-f9f8-483f-ad66-294509f042ad', 'cc43547e-c981-42a7-b591-57928012e568'),
       ('3cd96b09-66bd-41e2-82ba-28f35b77e6f6', '2022-07-28 22:23:45.201693', '2022-07-28 22:23:45.201693', 8,
        '4a6a0b5d-7995-4f2d-8f87-3a8c528caaab', 'cc43547e-c981-42a7-b591-57928012e568'),
       ('1cd4dba6-104f-4221-9d2e-960d8a45ca42', '2022-07-28 22:23:45.201693', '2022-07-28 22:23:45.201693', 8,
        'd812a820-8407-4fb8-a97a-0a72f69330a3', 'cc43547e-c981-42a7-b591-57928012e568'),
       ('a7fc3b90-9b48-4571-a940-bb1a2e341331', '2022-07-28 22:23:45.202690', '2022-07-28 22:23:45.202690', 8,
        '7ac14f73-cb86-455e-9c4e-7753d9dd8c92', 'cc43547e-c981-42a7-b591-57928012e568'),
       ('dcf37a77-53cf-47cd-8ea4-ae88b37773e3', '2022-07-28 22:23:45.202690', '2022-07-28 22:23:45.202690', 8,
        '4e60d064-a3ce-4f0f-880c-edae7f0b95c0', 'cc43547e-c981-42a7-b591-57928012e568'),
       ('f403031a-b3dc-4491-b76f-9c4aff62d846', '2022-07-28 22:23:45.202690', '2022-07-28 22:23:45.202690', 8,
        'c89cb514-a101-4708-8750-c54178cee7f5', 'cc43547e-c981-42a7-b591-57928012e568')
ON CONFLICT DO NOTHING;

INSERT INTO public.schedule_activity (id, created_when, updated_when, activity_id, semester_id)
VALUES ('72de9150-da37-44f1-8f01-6b339873322b', '2022-07-28 22:19:06.671323', '2022-07-28 22:19:06.671323',
        '26da3d4b-f9f8-483f-ad66-294509f042ad', '88120e5d-fe1d-445a-b167-036b37b2df6d'),
       ('0182365a-8aa5-4c40-9d6c-c6c964b129bc', null, '2022-07-28 22:24:14.808183',
        '26da3d4b-f9f8-483f-ad66-294509f042ad', '7d3938b0-c337-416b-9880-2530c13b4f9a')
ON CONFLICT DO NOTHING;


INSERT INTO public.schedule_activity_to_week_number (activity_id, week_number)
VALUES ('72de9150-da37-44f1-8f01-6b339873322b', 1),
       ('72de9150-da37-44f1-8f01-6b339873322b', 2),
       ('72de9150-da37-44f1-8f01-6b339873322b', 3),
       ('72de9150-da37-44f1-8f01-6b339873322b', 4),
       ('72de9150-da37-44f1-8f01-6b339873322b', 5),
       ('72de9150-da37-44f1-8f01-6b339873322b', 6),
       ('72de9150-da37-44f1-8f01-6b339873322b', 7),
       ('72de9150-da37-44f1-8f01-6b339873322b', 8),
       ('72de9150-da37-44f1-8f01-6b339873322b', 9),
       ('72de9150-da37-44f1-8f01-6b339873322b', 10),
       ('72de9150-da37-44f1-8f01-6b339873322b', 11),
       ('72de9150-da37-44f1-8f01-6b339873322b', 12),
       ('72de9150-da37-44f1-8f01-6b339873322b', 13),
       ('72de9150-da37-44f1-8f01-6b339873322b', 14),
       ('72de9150-da37-44f1-8f01-6b339873322b', 15),
       ('72de9150-da37-44f1-8f01-6b339873322b', 16),
       ('72de9150-da37-44f1-8f01-6b339873322b', 17),
       ('72de9150-da37-44f1-8f01-6b339873322b', 18),
       ('72de9150-da37-44f1-8f01-6b339873322b', 19),
       ('72de9150-da37-44f1-8f01-6b339873322b', 20),
       ('72de9150-da37-44f1-8f01-6b339873322b', 21),
       ('72de9150-da37-44f1-8f01-6b339873322b', 22),
       ('72de9150-da37-44f1-8f01-6b339873322b', 23),
       ('72de9150-da37-44f1-8f01-6b339873322b', 24),
       ('72de9150-da37-44f1-8f01-6b339873322b', 25),
       ('72de9150-da37-44f1-8f01-6b339873322b', 26),
       ('0182365a-8aa5-4c40-9d6c-c6c964b129bc', 1),
       ('0182365a-8aa5-4c40-9d6c-c6c964b129bc', 2),
       ('0182365a-8aa5-4c40-9d6c-c6c964b129bc', 3),
       ('0182365a-8aa5-4c40-9d6c-c6c964b129bc', 4),
       ('0182365a-8aa5-4c40-9d6c-c6c964b129bc', 5),
       ('0182365a-8aa5-4c40-9d6c-c6c964b129bc', 6),
       ('0182365a-8aa5-4c40-9d6c-c6c964b129bc', 7),
       ('0182365a-8aa5-4c40-9d6c-c6c964b129bc', 8),
       ('0182365a-8aa5-4c40-9d6c-c6c964b129bc', 9),
       ('0182365a-8aa5-4c40-9d6c-c6c964b129bc', 10),
       ('0182365a-8aa5-4c40-9d6c-c6c964b129bc', 11),
       ('0182365a-8aa5-4c40-9d6c-c6c964b129bc', 12),
       ('0182365a-8aa5-4c40-9d6c-c6c964b129bc', 13),
       ('0182365a-8aa5-4c40-9d6c-c6c964b129bc', 14),
       ('0182365a-8aa5-4c40-9d6c-c6c964b129bc', 15),
       ('0182365a-8aa5-4c40-9d6c-c6c964b129bc', 16),
       ('0182365a-8aa5-4c40-9d6c-c6c964b129bc', 17),
       ('0182365a-8aa5-4c40-9d6c-c6c964b129bc', 18),
       ('0182365a-8aa5-4c40-9d6c-c6c964b129bc', 19),
       ('0182365a-8aa5-4c40-9d6c-c6c964b129bc', 20),
       ('0182365a-8aa5-4c40-9d6c-c6c964b129bc', 21),
       ('0182365a-8aa5-4c40-9d6c-c6c964b129bc', 22),
       ('0182365a-8aa5-4c40-9d6c-c6c964b129bc', 23),
       ('0182365a-8aa5-4c40-9d6c-c6c964b129bc', 24),
       ('0182365a-8aa5-4c40-9d6c-c6c964b129bc', 25),
       ('0182365a-8aa5-4c40-9d6c-c6c964b129bc', 26)
ON CONFLICT DO NOTHING;


INSERT INTO public.discipline_semester_load (id, created_when, updated_when, discipline_id, semester_load_id)
VALUES ('591731c5-3a76-4b8d-8feb-af9f871359c0', '2022-07-28 22:19:06.664340', '2022-07-28 22:19:06.664340',
        '9b97eb09-5468-49fd-af8b-31be0969eec3', 'b5c30a6e-6ad2-4c5e-8320-3b91a306121b')
ON CONFLICT DO NOTHING;

INSERT INTO public.sem_loads_semesters (sem_load_id, semester_id)
VALUES ('591731c5-3a76-4b8d-8feb-af9f871359c0', '88120e5d-fe1d-445a-b167-036b37b2df6d')
ON CONFLICT DO NOTHING;


INSERT INTO public.discipline_load (id, created_when, updated_when, hours, discipline_id, load_id)
VALUES ('7986d968-b3f9-4bdb-8ca9-4f796af3a9b9', '2022-07-28 22:19:06.663342', '2022-07-28 22:19:06.663342', 33,
        '9b97eb09-5468-49fd-af8b-31be0969eec3', 'f72bacd4-51b1-4cd7-af72-e7bad77cd6ca')
ON CONFLICT DO NOTHING;

INSERT INTO public.discipline_hours_unites_per_semesters (id, created_when, updated_when, classroom_hours, credit_units,
                                                          total_hours, discipline_id, semester_id)
VALUES ('a8a8c09a-7f62-40c6-8e0d-689b77116bbf', '2022-07-28 22:19:31.811140', '2022-07-28 22:19:31.812138', 33, 3, 33,
        '9b97eb09-5468-49fd-af8b-31be0969eec3', '88120e5d-fe1d-445a-b167-036b37b2df6d'),
       ('3d665c10-113a-4dfb-ac54-868f513f3403', '2022-07-28 22:19:31.812138', '2022-07-28 22:19:31.812138', 33, 3, 33,
        '19898633-bb53-418c-b493-71fef257b15b', '88120e5d-fe1d-445a-b167-036b37b2df6d'),
       ('4c23e752-df8b-40ae-be6d-a66289c826c3', '2022-07-28 22:19:31.813135', '2022-07-28 22:19:31.813135', 34, 4, 34,
        'fa352ce9-4e2a-4473-afb0-7aac182fc321', '88120e5d-fe1d-445a-b167-036b37b2df6d'),
       ('a57f3c3a-d715-4284-a7f9-83d61c3b1c86', '2022-07-28 22:19:31.813135', '2022-07-28 22:19:31.813135', 100, 10,
        100, '0f4bb1b7-68d0-4307-a2da-093285224579', '88120e5d-fe1d-445a-b167-036b37b2df6d'),
       ('6b70e536-2260-4d4f-bbff-cfa7834d65d2', '2022-07-28 22:24:43.708182', '2022-07-28 22:24:43.708182', 33, 3, 33,
        'da587446-aa89-4510-a22d-1b7c9609cde1', '7d3938b0-c337-416b-9880-2530c13b4f9a'),
       ('aed2d038-715c-47ac-bb5b-bdab6ebbcd6a', '2022-07-28 22:24:43.708182', '2022-07-28 22:24:43.708182', 33, 3, 33,
        '404bc840-a1c8-440d-8958-104da3e619e5', '7d3938b0-c337-416b-9880-2530c13b4f9a'),
       ('da5fbd21-6f1d-4cb8-82e2-4f638d3bd359', '2022-07-28 22:24:43.709180', '2022-07-28 22:24:43.709180', 33, 3, 33,
        'e4cafd58-f036-47c7-b85f-23fff605e4b9', '7d3938b0-c337-416b-9880-2530c13b4f9a'),
       ('d7ad8de6-1985-48d4-89bc-8323f31752aa', '2022-07-28 22:24:43.709180', '2022-07-28 22:24:43.709180', 100, 10,
        100, '572815fd-90ba-4d82-891c-0a1aa4fb3063', '7d3938b0-c337-416b-9880-2530c13b4f9a')
ON CONFLICT DO NOTHING;

INSERT INTO public.flow (id, created_when, updated_when, name, deanery_id) VALUES ('db2990f3-462f-42a2-8f26-8de8cd86ee15', '2022-07-29 20:49:27.828283', '2022-07-29 20:49:27.828283', 'Поток 1', '9db1aeb3-550d-4d59-b652-0a11aa968fb5')
ON CONFLICT DO NOTHING;


INSERT INTO public.flow_groups (flow_id, group_id) VALUES ('db2990f3-462f-42a2-8f26-8de8cd86ee15', 'a499da89-1c61-473a-bb5a-5066324f43fa'), ('db2990f3-462f-42a2-8f26-8de8cd86ee15', '11b66d59-19ea-4878-a6e2-0c29975462da'), ('db2990f3-462f-42a2-8f26-8de8cd86ee15', 'd492e863-8654-420c-ae94-02f45bf09fa3')
ON CONFLICT DO NOTHING;
